objName,objAltName1,objAltName2,objAltName3,objID,uniquePspsOBid,ippObjID,surveyID,htmID,zoneID,tessID,projectionID,skyCellID,randomID,batchID,dvoRegionID,processingVersion,objInfoFlag,qualityFlag,raStack,decStack,raStackErr,decStackErr,raMean,decMean,raMeanErr,decMeanErr,epochMean,posMeanChisq,cx,cy,cz,lambda,beta,l,b,nStackObjectRows,nStackDetections,nDetections,ng,nr,ni,nz,ny,uniquePspsSTid,primaryDetection_x,bestDetection,gippDetectID,gstackDetectID,gstackImageID,gra,gdec,graErr,gdecErr,gEpoch,gPSFMag,gPSFMagErr,gApMag,gApMagErr,gKronMag,gKronMagErr,ginfoFlag,ginfoFlag2,ginfoFlag3,gnFrames,gxPos,gyPos,gxPosErr,gyPosErr,gpsfMajorFWHM,gpsfMinorFWHM,gpsfTheta,gpsfCore,gpsfLikelihood,gpsfQf,gpsfQfPerfect,gpsfChiSq,gmomentXX,gmomentXY,gmomentYY,gmomentR1,gmomentRH,gPSFFlux,gPSFFluxErr,gApFlux,gApFluxErr,gApFillFac,gApRadius,gKronFlux,gKronFluxErr,gKronRad,gexpTime,gExtNSigma,gsky,gskyErr,gzp,gPlateScale,rippDetectID,rstackDetectID,rstackImageID,rra,rdec,rraErr,rdecErr,rEpoch,rPSFMag,rPSFMagErr,rApMag,rApMagErr,rKronMag,rKronMagErr,rinfoFlag,rinfoFlag2,rinfoFlag3,rnFrames,rxPos,ryPos,rxPosErr,ryPosErr,rpsfMajorFWHM,rpsfMinorFWHM,rpsfTheta,rpsfCore,rpsfLikelihood,rpsfQf,rpsfQfPerfect,rpsfChiSq,rmomentXX,rmomentXY,rmomentYY,rmomentR1,rmomentRH,rPSFFlux,rPSFFluxErr,rApFlux,rApFluxErr,rApFillFac,rApRadius,rKronFlux,rKronFluxErr,rKronRad,rexpTime,rExtNSigma,rsky,rskyErr,rzp,rPlateScale,iippDetectID,istackDetectID,istackImageID,ira,idec,iraErr,idecErr,iEpoch,iPSFMag,iPSFMagErr,iApMag,iApMagErr,iKronMag,iKronMagErr,iinfoFlag,iinfoFlag2,iinfoFlag3,inFrames,ixPos,iyPos,ixPosErr,iyPosErr,ipsfMajorFWHM,ipsfMinorFWHM,ipsfTheta,ipsfCore,ipsfLikelihood,ipsfQf,ipsfQfPerfect,ipsfChiSq,imomentXX,imomentXY,imomentYY,imomentR1,imomentRH,iPSFFlux,iPSFFluxErr,iApFlux,iApFluxErr,iApFillFac,iApRadius,iKronFlux,iKronFluxErr,iKronRad,iexpTime,iExtNSigma,isky,iskyErr,izp,iPlateScale,zippDetectID,zstackDetectID,zstackImageID,zra,zdec,zraErr,zdecErr,zEpoch,zPSFMag,zPSFMagErr,zApMag,zApMagErr,zKronMag,zKronMagErr,zinfoFlag,zinfoFlag2,zinfoFlag3,znFrames,zxPos,zyPos,zxPosErr,zyPosErr,zpsfMajorFWHM,zpsfMinorFWHM,zpsfTheta,zpsfCore,zpsfLikelihood,zpsfQf,zpsfQfPerfect,zpsfChiSq,zmomentXX,zmomentXY,zmomentYY,zmomentR1,zmomentRH,zPSFFlux,zPSFFluxErr,zApFlux,zApFluxErr,zApFillFac,zApRadius,zKronFlux,zKronFluxErr,zKronRad,zexpTime,zExtNSigma,zsky,zskyErr,zzp,zPlateScale,yippDetectID,ystackDetectID,ystackImageID,yra,ydec,yraErr,ydecErr,yEpoch,yPSFMag,yPSFMagErr,yApMag,yApMagErr,yKronMag,yKronMagErr,yinfoFlag,yinfoFlag2,yinfoFlag3,ynFrames,yxPos,yyPos,yxPosErr,yyPosErr,ypsfMajorFWHM,ypsfMinorFWHM,ypsfTheta,ypsfCore,ypsfLikelihood,ypsfQf,ypsfQfPerfect,ypsfChiSq,ymomentXX,ymomentXY,ymomentYY,ymomentR1,ymomentRH,yPSFFlux,yPSFFluxErr,yApFlux,yApFluxErr,yApFillFac,yApRadius,yKronFlux,yKronFluxErr,yKronRad,yexpTime,yExtNSigma,ysky,yskyErr,yzp,yPlateScale,distance,SkyMapper_StarClass,gelong,g_a,g_b,g_pa,relong,r_a,r_b,r_pa,ielong,i_a,i_b,i_pa,zelong,z_a,z_b,z_pa,primaryDetection_y,gpetR90,rpetR90,ipetR90,zpetR90,ypetR90,NED_name,NED_type,NED_vel,NED_redshift,NED_mag,NED_redshift_flag,i-z,g-r,r-i,g-i,z-y,g-rErr,r-iErr,i-zErr,z-yErr,gApMag_gKronMag,rApMag_rKronMag,iApMag_iKronMag,zApMag_zKronMag,yApMag_yKronMag,7DCD,hasSimbad,class,dist/DLR,dist,level_0,TransientClass,TransientName,TransientRA,TransientDEC
PSO J012513.705-101228.447,,,,95750213070650804,920227000078568,403756990673641,0,9032194573778,9575,1,1059,42,0.738539655449372,920227,94007,3,444915712,53,21.30710527,-10.20790203,0.0010000000474974,0.0010000000474974,21.30713793,-10.20787063,0.0137400003150105,0.0135099999606609,56489.03483796,1.7955000400543213,0.9168991965626138,0.3576156562787548,-0.1772199360318947,15.693233628590676,-17.74898643302723,149.73571323078116,-71.29941760797058,,5,86,9,15,40,18,4,964273000004791,1,1,3703,2523101593151213175,4044927,21.30706712,-10.20793844,0.0224778000265359,0.0211274996399879,56102.6435287,21.53510093688965,0.041907001286745,21.260400772094727,0.0064409999176859,21.281299591064453,0.0525670014321804,262160391,655488,196608,10,2203.070068359375,2992.02001953125,0.0899109989404678,0.0845099985599517,1.2294399738311768,1.1458499431610107,-88.706298828125,0.2179919928312301,2.6213600179403332e-08,0.9983810186386108,0.9983810186386108,1.1978000402450562,0.2209270000457763,-0.0484283007681369,0.2757149934768677,1.0194900035858154,0.8046939969062805,8.830310434859712e-06,3.700500030845433e-07,1.1372099834261462e-05,7.325240147793012e-08,0.8974570035934448,3.0,1.1154799722135069e-05,5.86371982080891e-07,2.54872989654541,817.0,5.565010070800781,1.989710085581464e-08,5.090819854558504e-07,24.9950008392334,0.25,3703.0,2.5230959839239245e+18,4024031.0,21.30710527,-10.20788269,0.0109588000923395,0.0105267995968461,56416.1132713,20.910400390625,0.0228700004518032,20.508100509643555,0.0038149999454617,20.580299377441406,0.0291269998997449,262160391.0,524416.0,196608.0,13.0,2202.510009765625,2992.830078125,0.04383509978652,0.0421071983873844,1.1465400457382202,1.1321799755096436,55.02379989624024,0.4071829915046692,6.6220700797869894e-12,0.9986429810523988,0.9986429810523988,1.5745699405670166,0.2151000052690506,-0.0292109008878469,0.2473990023136139,1.1054400205612185,0.8898839950561523,1.569820051372517e-05,3.590199924019544e-07,2.273909922223538e-05,8.674359719407222e-08,0.876010000705719,2.7499899864196777,2.1275100152706727e-05,6.196909794198291e-07,2.763590097427368,1170.0,6.865580081939697,2.3748599531359105e-08,6.115479891377618e-07,25.018199920654297,0.2499990016222,3703,2523101781056032375,4045627,21.30710625,-10.20788765,0.0077506899833679,0.0072671100497245,56603.1749891,20.730899810791016,0.0154370004311203,20.2731990814209,0.0023229999933391,20.30150032043457,0.0208110008388757,262160391,524416,196608,29,2202.489990234375,2992.739990234375,0.0310028996318578,0.0290686003863811,1.1040699481964111,1.0627100467681885,36.101600646972656,0.5078380107879639,1.4191899936122354e-05,0.997281014919281,0.997281014919281,1.7686400413513184,0.2072499990463256,-0.0277580991387367,0.2266840040683746,1.1572400331497192,0.8959000110626221,1.851980050560087e-05,2.858849939002539e-07,2.8231599571881816e-05,6.559250209647871e-08,0.8658030033111572,2.4999899864196777,2.750390012806747e-05,5.723740059693228e-07,2.893110036849976,2520.0,4.340869903564453,2.5507100431809704e-08,4.943630074194516e-07,25.045900344848636,0.2499990016222,3703,2523102022647942775,4046527,21.30710212,-10.20790203,0.0123445000499486,0.0118300002068281,55948.8836198,20.35689926147461,0.0258869994431734,19.90880012512207,0.0034310000482946,19.94770050048828,0.032999999821186,262160391,524416,196608,18,2202.550048828125,2992.52001953125,0.0493778996169567,0.0473199002444744,1.120360016822815,1.086609959602356,89.4218978881836,0.1391229927539825,3.529810096445792e-29,0.998652994632721,0.998652994632721,1.2434899806976318,0.1894589960575103,-0.0237316992133855,0.213370993733406,1.0566999912261963,0.9205319881439208,2.6135199732379988e-05,6.76549973377405e-07,3.948989979107864e-05,1.355000023295361e-07,0.8689860105514526,2.5,3.810019916272722e-05,1.257310032087844e-06,2.641740083694458,840.0,11.21280002593994,5.870289854215117e-08,1.201099962599983e-06,25.0226993560791,0.25,3703,2523093070325485175,4013177,21.30710559,-10.20792866,0.0287085007876157,0.0262784995138645,56036.392025,20.200000762939453,0.062279999256134,19.891700744628903,0.003175999969244,20.06940078735352,0.0814500004053115,262160391,655360,196608,15,2202.52001953125,2992.1201171875,0.1148329973220825,0.105113998055458,1.0804599523544312,1.0026299953460691,14.181300163269045,0.83781498670578,1.4867099707771558e-05,0.9979209899902344,0.9979209899902344,1.3144199848175049,0.209317997097969,-0.0312434006482362,0.2391889989376068,0.958741009235382,0.8363760113716125,3.01986001431942e-05,1.8807700143952388e-06,4.011650162283331e-05,1.274270005069411e-07,0.8786410093307495,2.7500200271606445,3.405840107006952e-05,2.774070026134723e-06,2.396850109100342,990.0,4.3306498527526855,1.216670000303566e-07,2.999239995915559e-06,25.028499603271484,0.2500010132789612,0.010069274616437,,,,,,,,,,,,,,,,,,1,1.62177,2.2973,2.54514,4.26284,3.77386,WISEA J012513.72-101228.5,G,,,21.1,,0.3643989562988281,0.7523002624511719,0.23490142822265625,0.9872016906738281,0.017099380493167615,0.007486033964891059,0.004466604253000956,0.004143439428838197,0.00467533283692567,-0.020898818969726562,-0.07219886779785156,-0.028301239013671875,-0.03890037536621094,-0.17770004272461648,12.840253945054409,0,False,22.876781752895262,36.45249536816494,,NaN,ZTF18abqxlfy,21.317421294114247,-10.208192176475237
PSO J221534.924-100933.525,,,,95803338955329211,1066447000015947,440285687463499,0,12765072880780,9580,1,1137,49,0.950882302551421,1066447,102512,3,512024576,61,333.89551984,-10.15931269,0.0010000000474974,0.0010000000474974,333.89553403,-10.1593059,0.0026400000788271,0.0025700000114738,56142.97375,2.132999897003174,0.8839137647655381,-0.4331103210760449,-0.1763856746887861,332.12405875195367,0.5987918565736133,50.165922082702615,-49.60387357180987,,5,107,16,17,46,14,14,1190149000005091,1,1,5738,2523045633753880170,3836462,333.89551963,-10.15931065,0.0010756700066849,0.0010254200315102,55999.7796263,17.661500930786133,0.0019990000873804,17.286800384521484,0.0009529999806545,16.956499099731445,0.0023890000302344,262160391,524416,196608,16,3183.830078125,3644.419921875,0.0043026898056268,0.0041016899049282,1.188099980354309,1.1674200296401978,-49.95790100097656,0.3944270014762878,7.862209822016897e-25,0.9994959831237792,0.9994959831237792,25.57859992980957,0.2611669898033142,0.0021594800055027,0.2522790133953094,2.6926798820495605,1.0397100448608398,0.0003128839889541,6.254629738577933e-07,0.0004418760072439,4.212760131849791e-07,0.8996679782867432,3.0,0.0005989570054225,1.4309399603007478e-06,6.7316999435424805,989.0,10.28950023651123,9.046500437648321e-09,5.157569944458373e-07,24.97459983825684,0.25,5738.0,2.5230458906466115e+18,3837419.0,333.89552759,-10.15931269,0.0007503909873776,0.0007233759970404,55840.5899281,17.425399780273438,0.0016759999562054,16.92729949951172,0.0007810000097379,16.46940040588379,0.0017770000267773,262160391.0,524416.0,196608.0,16.0,3183.719970703125,3644.39990234375,0.0030015700031071,0.0028935100417584,0.9883360266685486,0.9766579866409302,14.51959991455078,0.6818990111351013,2.5238800093419538e-37,0.9989680051803588,0.9989680051803588,70.69400024414062,0.2106090039014816,0.0020570799242705,0.2007289975881576,2.83171010017395,0.9983839988708496,0.0003889180079568,6.519409794236708e-07,0.0006153170252218,4.807170057574695e-07,0.8865320086479187,2.75,0.0009380599949508,1.6666499504935928e-06,7.079269886016846,1040.0,12.76650047302246,3.073159948741022e-09,5.321909952726855e-07,24.99799919128418,0.25,5738,2523046314237761130,3838997,333.89552717,-10.15931136,0.0003764930006582,0.0003635080065578,56566.9953733,16.892099380493164,0.0008590000215917,16.51259994506836,0.0003680000081658,16.06060028076172,0.0010270000202581,262160391,524416,196608,38,3183.719970703125,3644.429931640625,0.0015059700235724,0.0014540300471708,0.998524010181427,0.9734269976615906,30.77549934387207,0.599111020565033,4.535340166710933e-28,0.9971839785575868,0.9971839785575868,8.72212028503418,0.1828719973564148,0.0012960700551047,0.174913004040718,2.749039888381958,0.9556919932365416,0.0006355849909596,5.462629815156106e-07,0.0009015150135383,3.316629886285227e-07,0.8658030033111572,2.5000100135803223,0.0013669199543073,1.4035699678061064e-06,6.872590065002441,3270.0,10.98449993133545,-8.022579933708585e-09,4.612489874489256e-07,24.99659919738769,0.2500010132789612,5738,2523048817666823786,3848323,333.89551984,-10.15932033,0.0009417699766345,0.0008969110203906,55929.1750692,17.010499954223633,0.0023409998975694,16.530899047851562,0.0008989999769255,15.936100006103516,0.0029730000533163,262160391,524416,196608,13,3183.830078125,3644.280029296875,0.0037670799065381,0.0035876499023288,0.9242849946022034,0.8930130004882812,-59.572898864746094,0.3764680027961731,0.0,0.9981570243835448,0.9981570243835448,37.06499862670898,0.1500930041074752,-0.0004157710063736,0.14894899725914,2.880690097808838,0.9236149787902832,0.0005699159810319,1.3344599665288117e-06,0.0008864480187185,7.971830200403929e-07,0.8684750199317932,2.25,0.0015330599853768,4.558390173770022e-06,7.201729774475098,540.0,18.76679992675781,3.9552599417902456e-08,1.6619700318187824e-06,25.04129981994629,0.25,5738,2523073309717829226,3939563,333.8955194,-10.15931964,0.0014959999825805,0.0014317800523713,55964.111265,16.836299896240234,0.0038840000052005,16.36949920654297,0.0008079999824985,15.752099990844728,0.0056850002147257,262160391,524416,196608,14,3183.840087890625,3644.2900390625,0.0059839999303221,0.0057271099649369,0.8971359729766846,0.8706480264663696,31.27560043334961,0.7184410095214844,0.0,0.9983770251274108,0.9983770251274108,11.316900253295898,0.1519950032234192,0.0020298101007938,0.147474005818367,2.943880081176758,0.9313099980354308,0.0006691130110993,2.598650098661892e-06,0.0010284599848091,8.315029731420509e-07,0.8724049925804138,2.25,0.0018162199994549,1.0325499715690968e-05,7.359710216522217,600.0,14.482999801635742,-2.251989927870568e-09,3.662009930849308e-06,25.055299758911133,0.25,3.954336855498701e-05,,,,,,,,,,,,,,,,,,1,5.7806,6.10898,5.82341,6.2803,7.82071,WISEA J221534.93-100933.5,G,27956.0,0.09325,18.05,PHOT,-0.018299102783203125,0.3595008850097656,0.4146995544433594,0.774200439453125,0.16139984130859375,0.00123214040528589,0.0008633568330769316,0.0009714036053680666,0.0012087451882963694,0.33030128479003906,0.4578990936279297,0.4519996643066406,0.5947990417480469,0.6173992156982404,105.3909405697016,1,False,0.03194286628687799,0.18463091605367987,,NaN,ZTF18acbwxwy,333.8955851500001,-10.15929598334064
PSO J114128.136-021502.572,,,,105291753672109550,1058906000050710,380366598751767,0,10461245212088,10529,1,1276,46,0.158416520020381,1058906,88561,3,512024576,61,175.3672338,-2.25071449,0.0010000000474974,0.0010000000474974,175.36723094,-2.25075283,0.0039900001138448,0.0037599999923259,56073.28508102,2.302299976348877,-0.9959638882725812,0.0807066852803272,-0.0392729449879149,176.64277266531408,-3.906903404027527,270.3252008208372,56.12650648204291,,5,56,6,12,14,12,12,1038815000001992,1,1,4204,2523197982954754156,4404007,175.36723526,-2.25071056,0.0033335499465465,0.0031242100521922,55906.1415044,18.792800903320312,0.0060760001651942,17.882999420166016,0.0018400000408291,16.73509979248047,0.0041069998405873,262160391,524416,196608,6,3585.22998046875,2392.77001953125,0.0133341997861862,0.0124968998134136,1.2839699983596802,1.2282999753952026,-56.39830017089844,0.2057500034570694,0.0,0.9989519715309144,0.9989519715309144,27.62579917907715,0.3477460145950317,-0.0097916601225733,0.3202979862689972,4.653079986572266,1.184440016746521,0.0001103780014091,6.706990234306431e-07,0.0002551540092099,4.693729920290935e-07,0.8930360078811646,2.9999899864196777,0.0007344629848375,3.0162400435074237e-06,11.632699966430664,448.0,29.57349967956543,1.7974999266812123e-08,5.813560051137756e-07,24.995500564575195,0.2499990016222,4204.0,2.5232003097532867e+18,4412675.0,175.3672338,-2.25071224,0.0015002200379967,0.0014638400170952,56369.0300836,18.002700805664062,0.0028750000055879,17.148300170898438,0.0009319999953731,16.13290023803711,0.0023499999660998,262160391.0,524416.0,196608.0,12.0,3585.199951171875,2392.77001953125,0.0060008899308741,0.0058553600683808,1.2043100595474243,1.2025500535964966,89.2427978515625,0.3081740140914917,0.0,0.998993992805481,0.998993992805481,88.53610229492188,0.3217949867248535,-0.0067588598467409,0.2874709963798523,4.740869998931885,1.155809998512268,0.0002285149967065,6.568669732587296e-07,0.0005019539967179,4.6773300255154027e-07,0.8930360078811646,3.0,0.0012789400061592,3.005199914696277e-06,11.85219955444336,872.0,31.18630027770996,1.7902600291108683e-08,6.034259740772541e-07,25.02359962463379,0.25,4204,2523200498731847788,4413379,175.36723025,-2.25071449,0.0012059200089424,0.0011589600471779,56432.7496285,17.581300735473633,0.0024019998963922,16.791500091552734,0.0008299999753944,15.837400436401367,0.0019920000340789,262160391,524416,196608,11,3585.260009765625,2392.72998046875,0.0048236697912216,0.0046358401887118,1.1636799573898315,1.14697003364563,40.074100494384766,0.7714080214500427,0.0,0.9993810057640076,0.9993810057640076,116.00299835205078,0.3383139967918396,-0.0073019098490476,0.3029490113258362,4.619160175323486,1.1719900369644165,0.000336889992468,8.091569725365844e-07,0.0006972809787839,5.790579962194897e-07,0.8996679782867432,3.0,0.0016789600485935,3.34487003783579e-06,11.547900199890137,829.0,15.35830020904541,1.7842399557821412e-08,7.595900228807295e-07,24.99489974975586,0.25,4204,2523200042660008044,4411680,175.36724211,-2.25071505,0.001469439943321,0.0013754500541836,56188.7013102,17.64069938659668,0.0034429999068379,16.841100692749023,0.0010430000256747,15.660099983215332,0.0031159999780356,262160391,524416,196608,12,3585.110107421875,2392.719970703125,0.0058777499943971,0.005501780193299,1.0104600191116333,0.9619420170783995,73.87850189208984,0.1777379959821701,0.0,0.99787700176239,0.99787700176239,60.9838981628418,0.2095589935779571,-0.003005800070241,0.1884720027446746,4.325779914855957,1.0337200164794922,0.0003189459966961,1.098060010917834e-06,0.000666158972308,6.951279942768451e-07,0.8684750199317932,2.25,0.0019768099300563,6.159999884403078e-06,10.814499855041504,540.0,39.182498931884766,2.158970069388033e-08,1.4628700455432408e-06,25.03820037841797,0.25,4204,2523198645721895020,4406476,175.36722797,-2.25073422,0.002344979904592,0.0022533300798386,55885.6716281,17.358200073242188,0.0060669998638331,16.654199600219727,0.0008870000019669,15.489299774169922,0.0059290002100169,262160391,524416,196608,10,3585.320068359375,2392.449951171875,0.0093799298629164,0.0090133296325802,0.938717007637024,0.9048910140991212,-8.24133014678955,0.8329409956932068,0.0,0.9975849986076356,0.9975849986076356,16.371599197387695,0.2061430066823959,-0.0040944898501038,0.1828760057687759,3.989480018615722,1.0201200246810913,0.0004137149953749,2.50993002737232e-06,0.0007912759901955,7.0211098091022e-07,0.848825991153717,2.25,0.0023135200608521,1.3717600268137176e-05,9.973710060119627,660.0,25.19359970092773,1.3021499967180716e-07,3.57143994733633e-06,25.045799255371094,0.25,0.0011931260174791,,,,,,,,,,,,,,,,,,1,9.67323,10.5891,10.5722,10.4363,12.7734,WISEA J114128.19-021502.7,G,14410.0,0.048067,16.8,SPEC,-0.04960060119628906,0.7346992492675781,0.3568000793457031,1.0914993286132812,0.18690109252929688,0.002062577063197045,0.0012480079929752706,0.0013329474906057363,0.001369166920812326,1.1478996276855469,1.0153999328613281,0.9540996551513672,1.1810007095336914,1.1648998260498047,42.34563117875102,1,False,0.4337004568753813,4.1737162569805655,,NaN,ZTF20acyyavb,175.36838251724166,-2.2508944068968475
PSO J045934.618+001537.449,,,,107680748942407942,958274000011892,367649200549494,0,9373357547839,10768,1,1251,97,0.706562854076329,958274,85600,3,461692928,55,74.89424557,-0.26040267,0.0010000000474974,0.0010000000474974,74.89424603,-0.26041261,0.0041499999351799,0.0030700000934302,56254.49461806,2.033200025558472,0.2605987739255351,0.9654364927966282,-0.0045450418099381,73.57409219820771,-22.842455928490097,199.57081832192475,-24.797682740229085,,5,65,15,12,14,10,14,1081488000006027,1,1,7021,2523160303475104621,4263640,74.89424082,-0.26040267,0.0005974660161882,0.0005789509741589,56303.9104862,15.661499977111816,0.000988999963738,15.097299575805664,0.0003729999880306,14.03969955444336,0.0006440000142902,262160391,524416,196608,8,4652.10009765625,2247.179931640625,0.0023898698855191,0.0023158099502325,1.5250500440597534,1.4842400550842283,32.60609817504883,0.1999240070581436,0.0,0.9981250166893004,0.9981250166893004,58.842098236083984,0.4713580012321472,0.0105111999437212,0.4295290112495422,7.787479877471924,1.249210000038147,0.0019743300508707,1.951859985638293e-06,0.0033195100259035,1.2395199746606522e-06,0.9127050042152404,3.4999899864196777,0.0087925102561712,5.665299795509782e-06,19.468700408935547,817.0,17.783700942993164,-9.534660172505482e-09,5.575479917752091e-07,25.003700256347656,0.2499990016222,7021.0,2.523157231231311e+18,4252195.0,74.89422668,-0.26039586,0.0003085460048168,0.0002979070122819,56405.3138981,14.996899604797363,0.0005770000279881,14.31719970703125,0.0002950000052805,13.23550033569336,0.0003650000144261,262160391.0,524416.0,196608.0,12.0,4652.2900390625,2247.31005859375,0.0012341799447312,0.0011916300281882,1.3070499897003174,1.2591300010681152,42.21900177001953,0.3483369946479797,0.0,0.9984949827194214,0.9984949827194214,192.36300659179688,0.3864920139312744,0.0085961297154426,0.3546989858150482,7.637979984283447,1.1927499771118164,0.0036412701010704,2.0996299099351745e-06,0.006809770129621,2.0070799564564368e-06,0.9059590101242064,3.25,0.0184425003826618,6.7385899455985054e-06,19.094900131225582,640.0,24.18989944458008,-7.777989807777885e-09,6.312220079962572e-07,25.015399932861328,0.25,7021,2523160475542231917,4264281,74.89424557,-0.260402,0.0002478059905115,0.0002404830011073,56636.2781916,14.624300003051758,0.0005329999839887,13.87619972229004,0.0001849999971454,12.800299644470217,0.0003539999888744,262160391,524416,196608,14,4652.02001953125,2247.199951171875,0.0009912230307236,0.0009619310148991,1.0852199792861938,1.064650058746338,10.73840045928955,0.5405920147895813,0.0,0.9975050091743468,0.9975050091743468,225.17999267578125,0.2951569855213165,0.0069426400586962,0.2670910060405731,7.520669937133789,1.1130800247192385,0.0051319100894033,2.7360499643691583e-06,0.0102214999496936,1.8884800283558436e-06,0.8944240212440491,2.75,0.0275338999927043,9.75695002125576e-06,18.801700592041016,1125.0,22.827800750732425,-2.5904599354475977e-08,9.70369001151994e-07,25.0004997253418,0.25,7021,2523162828915874669,4273048,74.89425721,-0.26043483,0.0003327610029373,0.0002950509951915,55853.4879893,14.623700141906738,0.000808999990113,13.805800437927246,0.0002240000030724,12.62049961090088,0.0004630000039469,262160391,524416,196608,8,4651.85009765625,2246.739990234375,0.0013310400536283,0.0011802100343629,0.9774619936943054,0.8989059925079346,-42.054298400878906,0.3678539991378784,0.0,0.9982020258903505,0.9982020258903505,168.531005859375,0.2181960046291351,0.003443940076977,0.2031300067901611,7.73652982711792,1.0362099409103394,0.0051348898559808,4.153199824941112e-06,0.0109066003933548,2.440840034978464e-06,0.8645449876785278,2.25,0.0324927009642124,1.5053699826239608e-05,19.34129905700684,720.0,27.899599075317383,-9.266519995776434e-09,1.5713800394223654e-06,25.028400421142575,0.25,7021,2523159595342371693,4261002,74.89425716,-0.26040832,0.00033998399158,0.0003009029896929,55957.1872486,14.39109992980957,0.0009200000204145,13.55799961090088,0.0001909999991767,12.238100051879885,0.0006929999799467,262160391,524416,196608,11,4651.83984375,2247.1298828125,0.0013599400408565,0.0012036099797114,0.853272020816803,0.7966910004615784,-59.65430068969727,0.8881199955940247,0.0,0.9967619776725768,0.9967619776725768,80.08619689941406,0.1948789954185485,0.0031540601048618,0.1788319945335388,7.760479927062988,1.0128899812698364,0.0063614198006689,5.851989953953307e-06,0.0137026999145746,2.6235800305585144e-06,0.8684750199317932,2.25,0.0462118983268737,3.2014901080401614e-05,19.401199340820312,800.0,28.711000442504883,7.70998980215154e-08,3.978770109824836e-06,25.051300048828125,0.25,0.0034319314430797,,,,,,,,,,,,,,,,,,1,9.70518,9.63451,8.56889,8.43054,11.2987,NGC 1719,G,4164.0,0.01389,14.53,,0.07039928436279475,0.7800998687744141,0.44099998474120916,1.2210998535156232,0.2478008270263654,0.00047555650998206593,0.00034820970988657545,0.00029051850254369896,0.000294375612206471,1.0576000213623047,1.0816993713378906,1.0759000778198242,1.1853008270263654,1.319899559020996,173.16128191454266,1,False,1.299634912230015,12.33409632332751,,NaN,ZTF18abvfqqa,74.89149477333355,-0.262454463333782
PSO J010214.246+032343.601,,,,112070155594244880,916866000038028,43864501032075,0,17076615363125,11207,1,1326,86,0.626789207222675,916866,10213,3,512024576,61,15.55935978,3.39544483,0.0010000000474974,0.0010000000474974,15.55935833,3.3954543,0.0036700000055134,0.0040699997916817,56193.5924537,1.7694000005722046,0.9616619401973994,0.2677656707750526,0.059227175605119,15.640261580268954,-2.9905470061758224,128.22660195121242,-59.36522634090681,,5,84,13,13,34,12,12,949484000002518,1,1,1230,2523091066454803662,4005712,15.55935949,3.39545222,0.0027497399132698,0.0025465199723839,56043.5583457,19.389799118041992,0.0059329997748136,19.15850067138672,0.0026569999754428,19.16069984436035,0.0075610000640153,262160391,524416,196608,13,816.093994140625,3052.929931640625,0.0109989000484347,0.0101859997957944,1.1457600593566897,1.1042799949645996,48.2135009765625,0.1822399944067001,3.7531700058934803e-07,0.99821799993515,0.99821799993515,2.0985300540924072,0.1830140054225921,0.0077039399184286,0.1855159997940063,1.2704099416732788,0.909879982471466,6.369010225171223e-05,3.778789903208235e-07,7.881339843152091e-05,2.093759974286513e-07,0.8944240212440491,2.75,7.86519012763165e-05,5.946830015091109e-07,3.1760199069976807,688.0,5.081069946289063,1.5893499849539694e-08,5.344489864000934e-07,25.01449966430664,0.25,1230.0,2.523091496488404e+18,4007314.0,15.55935591,3.39543985,0.0027552701067179,0.0025909000542014,55651.0275198,19.04759979248047,0.0055780000984668,18.687700271606445,0.0017709999810904,18.589099884033203,0.0078450003638863,262160391.0,524416.0,196608.0,13.0,816.1420288085938,3052.739990234375,0.0110210999846458,0.0103636002168059,1.2110400199890137,1.1645300388336182,22.85400009155273,-0.0942711010575294,1.2045799526502644e-24,0.9975299835205078,0.9975299835205078,2.638390064239502,0.1832090020179748,0.0049364902079105,0.1792609989643097,1.5247900485992432,0.9343370199203492,8.72922973940149e-05,4.869099825555168e-07,0.0001215919983224,2.1528499871692477e-07,0.8817179799079895,2.5,0.0001331620005657,1.0446100304761783e-06,3.811959981918335,1000.0,10.248299598693848,1.758879975000127e-08,6.542420010191563e-07,25.02989959716797,0.25,1230,2523090771444237518,4004613,15.55936001,3.39544592,0.0019543198868632,0.0018849299522116,56676.2034985,18.98509979248047,0.0037930000107735,18.495800018310547,0.0010819999733939,18.37929916381836,0.0051409997977316,262160391,524416,196608,32,816.093017578125,3052.840087890625,0.0078172897920012,0.0075396997854113,1.2592899799346924,1.2290699481964111,-82.74030303955078,0.4311859905719757,2.165220043190419e-12,0.9977459907531738,0.9977459907531738,7.070899963378906,0.2470010071992874,0.006406030151993,0.2497089952230453,1.7807999849319458,1.035580039024353,9.246279660146683e-05,3.5066500458924565e-07,0.0001451069983886,1.5698600464020276e-07,0.8970549702644348,2.75,0.0001615420042071,8.305170240419102e-07,4.452000141143799,2340.0,7.023409843444824,1.7779999694766957e-08,4.516089973094495e-07,24.99760055541992,0.25,1230,2523092423127598286,4010766,15.55935997,3.39544483,0.0032187700271606,0.0029849200509488,55938.2084036,18.395000457763672,0.0068839997984468,18.007200241088867,0.0016159999649971,17.936599731445312,0.0099900001659989,262160391,524416,196608,12,816.06201171875,3052.820068359375,0.0128752002492547,0.0119396997615695,1.1103999614715576,1.0350500345230105,72.63600158691406,0.6907449960708618,1.174420005689569e-10,0.9977030158042908,0.9977030158042908,2.338469982147217,0.2188500016927719,0.0051754699088633,0.2235150039196014,1.5804400444030762,0.9763709902763368,0.0001592229964444,1.0961499583572731e-06,0.0002275769948028,3.6772800626749813e-07,0.8944240212440491,2.7499799728393555,0.0002428550069453,2.4260900772787863e-06,3.951090097427368,660.0,6.442599773406982,9.509319909284387e-08,1.610619960956683e-06,25.0177001953125,0.2499990016222,1230,2523089472753501390,3999775,15.55935978,3.39544222,0.0059394598938524,0.0056325001642107,56021.2178971,18.689599990844727,0.0165110006928443,18.134599685668945,0.0017490000464022,18.06329917907715,0.0206059999763965,262160391,524416,196608,11,816.0830078125,3052.780029296875,0.0237578991800546,0.022530099377036,0.8788920044898987,0.8177469968795776,82.79229736328125,0.8346449732780457,2.2151100135996725e-36,0.9969040155410768,0.9969040155410768,1.7667200565338137,0.1528940051794052,0.0051549398340284,0.151978999376297,1.3265399932861328,0.8954989910125732,0.0001213790019392,2.0040899926243583e-06,0.0002023760025622,3.539520037065813e-07,0.8645449876785278,2.2499899864196777,0.0002161159936804,4.453389919945039e-06,3.316349983215332,660.0,12.596199989318848,1.4650399293714145e-07,3.657879915408557e-06,25.05150032043457,0.2499990016222,6.50848783507405e-05,,,,,,,,,,,,,,,,,,1,2.44553,2.92605,3.29194,3.39277,5.65949,WISEA J010214.25+032343.4,UvS,,,,,0.4885997772216797,0.47080039978027344,0.19190025329589844,0.6627006530761719,-0.12739944458007812,0.0031931316606938144,0.002075371021154193,0.0019447827203302244,0.0023812721493322695,-0.0021991729736328125,0.09860038757324219,0.1165008544921875,0.07060050964355469,0.07130050659179688,93.97022819217594,1,False,0.10142316267765017,0.2450558047663536,,NaN,ZTF18abxfjod,15.559351800000004,3.3953865417720124
PSO J043143.007+143747.922,,,,125550679292036460,961171000081376,89189290950114,0,16759558449996,12555,1,1607,68,0.644669570629177,961171,20766,3,436527104,52,67.92919753,14.6299786,0.0010000000474974,0.0010000000474974,67.92918747,14.62997597,0.0575199984014034,0.0541299991309642,56069.69108796,1.9479000568389893,0.363569270445555,0.8966732667060542,0.2525756091992658,68.50372674156046,-7.1774381917514765,181.8911849784712,-22.203426659946825,,5,16,0,5,5,6,0,1136547000009870,1,1,8149,2523179251528638421,4334227,67.92943026,14.62999475,0.0771036967635154,0.0717758014798164,56062.8594701,22.810699462890625,0.1519940048456192,22.061899185180664,0.0095960004255175,22.0177001953125,0.1460199952125549,262160391,655360,196608,8,5477.56005859375,3618.02001953125,0.3084140121936798,0.287102997303009,1.1497100591659546,1.1235100030899048,-28.36280059814453,0.756667971611023,5.447259923130332e-07,0.998740017414093,0.998740017414093,1.3559499979019165,0.2965010106563568,0.0106135001406073,0.3262380063533783,1.2500100135803225,0.8907060027122498,2.727329956542235e-06,4.14538988025015e-07,5.435600087366765e-06,5.216000076302407e-08,0.8996679782867432,3.0,5.661159775627311e-06,8.266400186585088e-07,3.1250200271606445,774.0,5.009850025177002,-2.4599499326427576e-08,6.032519763721211e-07,24.998300552368164,0.25,8149.0,2.5231796294857605e+18,4335635.0,67.92919753,14.62998615,0.0254446994513273,0.0243410002440214,56150.8385276,21.93939971923828,0.0555259995162487,21.505699157714844,0.0061150002293288,21.55590057373047,0.069190002977848,262160391.0,655360.0,196608.0,16.0,5480.77978515625,3617.929931640625,0.1017789989709854,0.0973637029528617,1.0442800521850586,1.020509958267212,16.908700942993164,0.7994189858436584,9.673600231963064e-08,0.9980260133743286,0.9980260133743286,1.3435100317001345,0.2349040061235427,-0.0123113999143242,0.2395139932632446,1.095469951629639,0.8568050265312195,6.08453001404996e-06,3.3784701258809946e-07,9.071950444194954e-06,5.547400050431862e-08,0.8917940258979797,2.75,8.662440450279973e-06,5.993520062475e-07,2.7386600971221924,1140.0,5.332749843597412,-1.1929500054463917e-08,5.642360179081152e-07,25.02300071716309,0.25,8149,2523170186194853845,4300456,67.92919848,14.62997087,0.0302523002028465,0.0287806000560522,56397.9101589,21.242900848388672,0.0638369992375373,21.090700149536133,0.0052490001544356,21.21430015563965,0.0870589986443519,195035141,524288,196608,7,5480.77001953125,3617.699951171875,0.1210089996457099,0.1151219978928566,1.1144800186157229,1.0955899953842163,-10.90250015258789,0.5514150261878967,0.0391145981848239,0.998865008354187,0.998865008354187,1.5360100269317627,0.18020099401474,-0.0218688994646072,0.2316800057888031,0.8899109959602356,0.8562470078468323,1.1556800018297508e-05,7.377440169875626e-07,1.3295600183482748e-05,6.979099964610215e-08,0.8891630172729492,2.75,1.1865299711644184e-05,1.032979980664095e-06,2.2247800827026367,1080.0,2.0629799365997314,-1.3093799822172514e-08,1.034189949677966e-06,24.99930000305176,0.25,8149,2523177413014200277,4327378,67.92919519,14.6299786,0.0223401002585887,0.0211554002016782,56008.8189924,20.93919944763184,0.0572849996387958,20.745500564575195,0.0066510001197457,20.843799591064453,0.0849350020289421,195035141,655360,196608,10,5480.83984375,3617.85009765625,0.089360199868679,0.0846214964985847,0.9465309977531432,0.9211379885673524,4.760129928588867,0.2555980086326599,0.2111849933862686,0.998071014881134,0.998071014881134,1.383800029754639,0.1060680001974105,-0.019192099571228,0.1207970008254051,0.8397759795188904,0.6608690023422241,1.5287099813576788e-05,8.757219802646432e-07,1.8272599845658988e-05,1.215239961993575e-07,0.8724049925804138,2.25,1.6690899428795092e-05,1.4176399645293714e-06,2.099440097808838,480.0,1.250309944152832,5.456480067778102e-08,1.9603699001891077e-06,25.043800354003903,0.25,8149,2523172901419491285,4310571,67.92918957,14.62991475,0.0492043010890483,0.0454793013632297,55914.7181994,21.12680053710937,0.1331350058317184,21.661300659179688,0.0093980003148317,21.546199798583984,0.2602980136871338,195035141,655360,196608,13,5480.91015625,3616.909912109375,0.1968169957399368,0.1819169968366623,0.8779109716415405,0.8591910004615784,76.14929962158203,0.3334879875183105,-0.2192309945821762,0.998126983642578,0.998126983642578,1.7870999574661257,0.0526009984314441,0.0003697850042954,0.0999545976519584,0.662676990032196,-0.0640302002429962,1.2860699825978372e-05,1.71221995515225e-06,7.861180165491533e-06,7.387949807480254e-08,0.8604310154914856,2.0000100135803223,8.740240446059033e-06,2.27507007366512e-06,1.656690001487732,580.0,-1.2285799980163574,-3.5615499882624135e-08,4.493910182645777e-06,25.07309913635254,0.2500010132789612,0.0065583144811344,,,,,,,,,,,,,,,,,,1,6.1377,5.03906,2.8862,1.92667,0.668929,,,,,,,0.3451995849609375,0.5562000274658203,0.41499900817871094,0.9711990356445312,-0.9158000946044922,0.011378771988717557,0.008058860367691961,0.008472768450401692,0.011513392745426261,0.04419898986816406,-0.050201416015625,-0.12360000610351562,-0.09829902648925781,0.11510086059570312,91.40172564311425,0,False,4.072959700346266,23.473960930553947,,"NaN
NaN","ZTF17aaanjkj
ZTF17aaanjkj",67.92848691809357,14.636461187992722
PSO J083403.744+255209.978,,,,139041285156013822,1054256000028071,176218213215654,0,16465195045239,13904,1,1877,42,0.594978189649971,1054256,41029,3,444915712,53,128.515601,25.86943846,0.0010000000474974,0.0010000000474974,128.51558663,25.86944057,0.0212699994444847,0.0138499997556209,55691.17640046,4.269499778747559,-0.5603243777699516,0.7040310789201195,0.4363219357209643,124.3621215199873,6.907689281936204,198.37106815643304,33.071027671642966,,5,53,10,14,14,9,6,1085077000006512,1,1,3689,2523239363890908777,4558163,128.51559661,25.86943846,0.0135009000077843,0.0127422995865345,56045.302377,20.878700256347656,0.0234190002083778,20.02359962463379,0.0032430000137537,19.97640037536621,0.0222929995507001,262160391,524416,196608,10,2035.6700439453125,4216.2998046875,0.0540032982826232,0.0509690009057521,1.3414000272750854,1.324679970741272,2.418100118637085,0.2145799994468689,0.0,0.9988849759101868,0.9988849759101868,1.9064099788665767,0.4149290025234222,-0.0142542999237775,0.4013380110263824,1.5954999923706057,1.0961300134658811,1.6163199688890018e-05,3.7853300227652653e-07,3.552830094122328e-05,1.152019990513509e-07,0.904075026512146,3.2500100135803223,3.710509918164462e-05,8.271920250990661e-07,3.9887499809265137,1032.0,15.834199905395508,6.4721801251721445e-09,5.891710088690161e-07,24.988000869750977,0.2500010132789612,3689.0,2.5232261579402153e+18,4508967.0,128.51559811,25.86943103,0.0062451800331473,0.005902059841901,55600.0652481,20.518699645996094,0.012381000444293,19.548200607299805,0.0021550001110881,19.390899658203125,0.0117520000785589,262160391.0,524416.0,196608.0,14.0,2035.6199951171875,4216.169921875,0.0249806996434927,0.0236082002520561,1.1985900402069092,1.1691800355911257,-8.774959564208984,0.1555200070142746,0.0,0.9983019828796388,0.9983019828796388,4.836669921875,0.3309679925441742,-0.0081123299896717,0.3007499873638153,1.7808200120925903,1.1026099920272827,2.251819933007937e-05,2.788050039725931e-07,5.504450018634088e-05,1.1860200288538181e-07,0.8839020133018494,2.75,6.362859858199954e-05,7.477539725186944e-07,4.452060222625732,1502.0,28.72529983520508,1.2174099950357233e-08,5.326850214260048e-07,25.018999099731445,0.25,3689,2523219848633257577,4485463,128.515601,25.86945706,0.0075784302316606,0.007405110169202,56000.6041282,20.034799575805664,0.0131850000470876,19.229799270629883,0.0017359999474138,19.13249969482422,0.0136660002171993,262160391,524416,196608,14,2035.5999755859373,4216.5400390625,0.0303137004375457,0.029620399698615,1.3526400327682495,1.3037899732589722,87.93569946289062,0.1589459925889969,0.0,0.9996860027313232,0.9996860027313232,2.9290499687194824,0.3876889944076538,-0.000958491989877,0.3623090088367462,1.749369978904724,1.116860032081604,3.516300057526678e-05,4.6362600869542803e-07,7.38040980650112e-05,1.2815499417229148e-07,0.8819839954376221,3.0,8.072170021478087e-05,1.1031800113414647e-06,4.373439788818359,1740.0,24.92919921875,1.1609800232292857e-08,6.075050009712868e-07,25.004499435424805,0.25,3689,2523220467645419113,4487769,128.51564824,25.86945456,0.0138571998104453,0.013205699622631,55988.8720295,19.86709976196289,0.0297369994223117,18.863399505615234,0.002199999988079,18.74449920654297,0.0270620007067918,262160391,524416,196608,8,2034.989990234375,4216.509765625,0.0554287992417812,0.0528226010501384,1.1172300577163696,1.0818599462509155,-67.72489929199219,0.1963140070438385,0.0,0.9970570206642152,0.9970570206642152,1.9450000524520876,0.2980650067329407,0.005985059775412,0.2657899856567383,1.522130012512207,1.0111500024795532,4.103649916942232e-05,1.220319973072037e-06,0.0001034329980029,2.2750799644200015e-07,0.872169017791748,2.5,0.0001154010024038,3.1229699288815027e-06,3.805310010910034,780.0,21.770299911499023,7.999339857178711e-08,2.156280061171856e-06,25.027099609375,0.25,3689,2523220537975508585,4488031,128.51561341,25.86943783,0.0236466992646455,0.0219085998833179,56172.251603,19.65819931030273,0.0596799999475479,18.68090057373047,0.0020000000949949,18.59869956970215,0.0471029989421367,262160391,655360,196608,10,2035.4200439453125,4216.259765625,0.0945866033434867,0.087634302675724,0.9905880093574524,0.9420419931411744,76.99960327148438,0.9442089796066284,0.0,0.9960110187530518,0.9960110187530518,1.5849000215530396,0.2715289890766144,-0.0148267997428774,0.2531310021877289,1.2997900247573853,0.9631450176239014,4.974160037818365e-05,2.9685700155823724e-06,0.0001223610015586,2.447279996431462e-07,0.8658030033111572,2.5,0.0001319830043939,6.216780093382113e-06,3.2494800090789795,820.0,14.865699768066406,1.443799959588432e-07,4.925020220980514e-06,25.045299530029297,0.25,0.0006685864454339,,,,,,,,,,,,,,,,,,1,5.03945,4.72816,4.01841,3.30979,,WISEA J083403.68+255209.3,G,,,19.9,,0.36639976501464844,0.4753990173339844,0.3184013366699219,0.7938003540039062,0.18249893188476562,0.003893722456467104,0.002767258805426489,0.002802444605156062,0.0029732138045433613,0.047199249267578125,0.1573009490966797,0.09729957580566406,0.11890029907226562,0.08220100402832031,37.95852827888204,0,False,0.47412817172428023,2.363327026117043,,NaN,ZTF20acpwqam,128.51630719998192,25.869337653344843
PSO J152636.790+302006.333,,,,144402316533012733,938266000094128,219150706372531,0,15337793255990,14440,1,1981,56,0.274851161311242,938266,51025,3,436527104,52,231.65329191,30.33509257,0.0010000000474974,0.0010000000474974,231.65329777,30.33509987,0.0073199998587369,0.0160799995064735,56169.34326389,1.3078999519348145,-0.535474716980066,-0.6768934978082004,0.5050564523893323,218.11801290787943,47.107584784096375,47.72069610415935,55.99486517427423,,5,57,12,11,20,6,8,1070299000002368,1,1,5189,2523037027981595717,3804403,231.65329099,30.33509799,0.0096157900989055,0.0087981801480054,55802.1880874,20.42729949951172,0.0145730003714561,20.41349983215332,0.0042579998262226,20.49970054626465,0.0204920005053281,262144069,524416,196608,10,3789.31005859375,5097.919921875,0.0384631007909774,0.0351926982402801,1.3280099630355835,1.20524001121521,-10.966099739074709,0.1368409991264343,-0.8296650052070618,0.9988750219345092,0.9988750219345092,1.3921400308609009,0.1936720013618469,-0.0020160700660198,0.1825650036334991,0.988682985305786,0.8117049932479858,2.449589919706341e-05,3.569699913441582e-07,2.480910006852355e-05,1.05646996928499e-07,0.8952469825744629,3.0,2.291390046593733e-05,4.695610016369756e-07,2.471709966659546,860.0,-0.2151319980621338,9.089280439411596e-09,5.063499770585622e-07,24.987699508666992,0.25,5189.0,2.5230630796426004e+18,3901453.0,231.65329132,30.33509526,0.0090683102607727,0.0088585997000336,55894.0802071,20.350500106811523,0.0149600002914667,20.17180061340332,0.0038169999606907,20.245100021362305,0.0204290002584457,262144005.0,524416.0,196608.0,9.0,3789.340087890625,5097.91015625,0.0362734012305736,0.0354344993829727,1.2004300355911257,1.1494200229644775,-23.74839973449707,0.2493750005960464,0.0270537994801998,0.9979550242424012,0.9979550242424012,1.4862600564956665,0.1940259933471679,0.0020047801081091,0.1822129935026168,1.048069953918457,0.8487070202827454,2.6290199457434937e-05,3.933130017230724e-07,3.099369860137813e-05,1.1831299673303874e-07,0.8865320086479187,2.7499899864196777,2.897080048569478e-05,5.918560077589063e-07,2.6201701164245605,840.0,2.210740089416504,1.9106700221982464e-08,6.233669864741387e-07,25.031700134277344,0.2499990016222,5189,2523053550452347973,3865954,231.65329619,30.33508094,0.0101068001240491,0.0095264902338385,56087.7214866,20.30279922485352,0.0230149999260902,20.011499404907227,0.0027970001101493,20.08489990234375,0.0283199995756149,262160391,524416,196608,8,3789.25,5097.68017578125,0.0404269993305206,0.0381059013307094,1.010159969329834,0.9767169952392578,-50.30860137939453,0.479667991399765,7.491420261906966e-10,0.9972059726715088,0.9972059726715088,1.438670039176941,0.1698710024356842,-0.0044214399531483,0.1730580031871795,1.0250500440597534,0.8063409924507141,2.747029975580517e-05,6.322420063042955e-07,3.592549910536036e-05,1.0048800191952979e-07,0.8785349726676941,2.5,3.3577198337297887e-05,9.50920991726889e-07,2.562619924545288,1425.0,6.155340194702148,2.190279957403618e-08,7.88267982443358e-07,24.987699508666992,0.25,5189,2523029259191063621,3775462,231.65330171,30.33508405,0.0309759005904197,0.0283425003290176,55879.8004063,20.494400024414062,0.0608169995248317,19.98270034790039,0.0038240000139921,20.066699981689453,0.0767680034041404,262160391,524288,196608,9,3789.199951171875,5097.740234375,0.1239039972424507,0.1133700013160705,1.1920000314712524,1.1130800247192385,-65.12190246582031,0.1420069932937622,4.862589822983432e-13,0.9983869791030884,0.9983869791030884,1.0937299728393557,0.2288939952850341,-0.0161079000681638,0.2274049967527389,1.0839699506759644,0.8521149754524231,2.302790016983636e-05,1.400479959556833e-06,3.688919969135896e-05,1.410490000353093e-07,0.8839020133018494,2.7499899864196777,3.414350067032501e-05,2.621120074763894e-06,2.7099199295043945,720.0,7.229080200195312,3.519360092241186e-08,1.4984999552325462e-06,25.02039909362793,0.2499990016222,5189,2523046129554166853,3838309,231.65329191,30.33509257,0.0203335992991924,0.0187595002353191,55903.6566312,19.83289909362793,0.0488089993596077,19.596200942993164,0.003260999917984,19.702899932861328,0.0675349980592727,262160391,524416,196608,12,3789.31005859375,5097.8701171875,0.0813347026705741,0.0750382989645004,1.051360011100769,0.9601070284843444,-80.36260223388672,0.6515089869499207,0.0004190329927951,0.9970840215682985,0.9970840215682985,1.332110047340393,0.1661690026521682,0.0080966502428054,0.1631010025739669,0.967701017856598,0.7449110150337219,4.234780135448091e-05,2.0669699551945087e-06,5.26648000231944e-05,1.717319975114151e-07,0.8785349726676941,2.4999899864196777,4.7737499698996544e-05,3.2239399843092542e-06,2.419250011444092,710.0,3.5278000831604004,1.9203500301046009e-07,3.4760500966513064e-06,25.050199508666992,0.2499990016222,2.134754073133321e-05,,,,,,,,,,,,,,,,,,1,2.05203,2.09719,1.83634,6.04115,3.57534,WISEA J152636.79+302006.4,G,,,21.3,,0.028799057006835938,0.24169921875,0.16030120849609375,0.40200042724609375,0.38649940490722656,0.005718395860730918,0.0047320923824549325,0.004737740571536898,0.0050256438962687396,-0.08620071411132812,-0.07329940795898438,-0.07340049743652344,-0.0839996337890625,-0.10669898986816406,32.092947302267945,0,False,0.01566807112909661,0.03192852520867223,,NaN,ZTF20aazppap,231.653306491656,30.33509518002259
PSO J174416.471+411058.531,,,,157422660686360133,968295000054108,255352985670492,0,14365742300251,15742,1,2207,22,0.782100601850171,968295,59454,3,444915712,53,266.06863165,41.1829254,0.0010000000474974,0.0010000000474974,266.06861766,41.1829209,0.0052499999292194,0.0052399998530745,56403.86945602,1.0963000059127808,-0.0516003328236071,-0.7508402340118715,0.6584651461098688,263.10892900288354,64.52819836152732,66.98049908559256,29.587029413963,,10,96,8,12,52,12,12,1121870000000786,0,1,6313,2523000215816902825,3667267,266.06862035,41.18292334,0.0060341600328683,0.0058918897993862,56120.7446191,19.65060043334961,0.0098010003566741,19.597700119018555,0.0030159999150782,19.66950035095215,0.0130839999765157,262144069,524416,0,8,2988.139892578125,196.9969940185547,0.0241365991532802,0.0235674995929002,1.1556999683380127,1.0786700248718262,-30.300199508666992,0.7077699899673462,0.3146789968013763,0.9985209703445436,0.9985209703445436,1.362879991531372,0.2142360061407089,-0.0071814600378274,0.2090499997138977,1.0928499698638916,0.880774974822998,5.008979860576801e-05,4.909130097985326e-07,5.259149838821031e-05,1.5862400459809578e-07,0.904088020324707,3.0,4.922459993395023e-05,6.440779998229118e-07,2.73213005065918,817.0,1.0054500102996826,-1.240320024464836e-08,6.136310162219161e-07,24.989999771118164,0.25,6313.0,2.523000429759961e+18,3668064.0,266.06863269,41.18292802,0.0039076101966202,0.003771899966523,56028.5561989,19.62299919128418,0.0084020001813769,19.36969947814941,0.0027290000580251,19.403099060058597,0.0120630003511905,262160391.0,524416.0,0.0,11.0,2988.010009765625,197.06700134277344,0.0156303998082876,0.0150875998660922,1.1162400245666504,1.097659945487976,-71.75579833984375,0.2381860017776489,5.091979897627052e-13,0.9971870183944702,0.9971870183944702,1.3535499572753906,0.1864030063152313,-0.0025763299781829,0.1824840009212494,1.268589973449707,0.8990330100059509,5.138100095791742e-05,4.317049899782433e-07,6.488269718829542e-05,1.7706000221551221e-07,0.8865320086479187,2.75,6.291719910223037e-05,7.58982992010715e-07,3.1714699268341064,800.0,7.222819805145264,3.23564002258081e-08,6.031550014995446e-07,25.013500213623047,0.25,6313,2523000726112704681,3669168,266.06863061,41.18291965,0.0018852499779313,0.001828119973652,56427.9471348,19.218900680541992,0.0040290001779794,18.99090003967285,0.0011849999427795,19.016700744628903,0.0059949997812509,262160391,524416,0,42,2988.02001953125,196.9409942626953,0.0075410101562738,0.0073124598711729,1.100950002670288,1.0728100538253784,-76.23370361328125,0.586683988571167,2.05915996466478e-15,0.9973509907722472,0.9973509907722472,2.1603798866271973,0.1958660036325454,0.0017687999643385,0.1981430053710937,1.31141996383667,0.9326199889183044,7.454610022250563e-05,3.003779909249716e-07,9.197070176014675e-05,1.089820003130626e-07,0.8891630172729492,2.75,8.981230348581448e-05,5.384429755395104e-07,3.278559923171997,3045.0,7.937729835510254,-1.0862800436939324e-08,4.140119926887565e-07,25.007200241088867,0.25,6313,2523001709391780009,3672831,266.06863289,41.18292701,0.0088830301538109,0.0085698496550321,55973.7549856,19.432899475097656,0.0186020005494356,19.17460060119629,0.0022980000358074,19.187299728393555,0.0246469993144273,262160391,524416,0,8,2988.010009765625,197.04400634765625,0.0355320982635021,0.0342793986201286,1.191059947013855,1.182610034942627,-83.52729797363281,0.46595099568367,6.456990035985655e-07,0.9967280030250548,0.9967280030250548,1.1518399715423584,0.2369049936532974,0.0108195999637246,0.2188120037317276,1.2105000019073486,0.8870350122451782,6.121349724708125e-05,1.1386699725335347e-06,7.765329792164266e-05,1.7848300615241897e-07,0.8891630172729492,2.75,7.674950029468164e-05,1.891639954010316e-06,3.026249885559082,930.0,4.977019786834717,1.6424900550759958e-08,1.363449996460986e-06,25.04170036315918,0.25,6313,2522999918121982121,3666158,266.0686332,41.18292457,0.0094806896522641,0.0089611299335956,56094.3049383,19.34189987182617,0.0264260005205869,18.99799919128418,0.0020979999098926,19.090599060058597,0.0367330014705657,262160391,524416,0,11,2988.0,197.00900268554688,0.0379226990044117,0.035844400525093,0.8399360179901123,0.8152089715003967,-22.17300033569336,1.0775400400161743,7.761129933170352e-11,0.9960060119628906,0.9960060119628906,1.1713900566101074,0.1298819929361343,-0.0047305901534855,0.1369860023260116,0.9941449761390686,0.819828987121582,6.656329787801951e-05,1.7590100469533354e-06,9.137279994320124e-05,1.917100007631234e-07,0.8684750199317932,2.2500100135803223,8.389839786104858e-05,3.081830072915181e-06,2.485359907150269,990.0,6.505159854888916,1.379709999582701e-07,3.195330009475583e-06,25.06550025939941,0.2500010132789612,2.069763835295848e-05,,,,,,,,,,,,,,,,,,1,1.98682,2.30456,2.34496,2.11442,1.59385,WISEA J174416.46+411058.5,UvS,,,,,-0.1837005615234375,0.22800064086914418,0.37879943847655895,0.6068000793457031,0.17660140991210938,0.004067394350742586,0.0029751749832721466,0.0025855423084835084,0.0031116567591044117,-0.07180023193359375,-0.03339958190918679,-0.025800704956051135,-0.012699127197265625,-0.09259986877441762,56.217018368103815,0,False,0.056441711113791225,0.11164597337501136,,NaN,ZTF18abddpsm,266.0685765296106,41.18292278891638
PSO J162817.025+774436.918,,,,201292470709043116,974638000046682,356546710124121,0,14626636328958,20129,1,2612,41,0.611299583326373,974638,83015,3,444915712,53,247.07094149,77.74358848,0.0010000000474974,0.0010000000474974,247.07088012,77.74359247,0.0136399995535612,0.0220599994063377,56302.00782407,4.8618998527526855,-0.0827053173752666,-0.1955136378869652,0.9772073719933048,111.558699375906,76.99262298739127,110.97410950726876,33.78499444580068,,5,56,7,14,19,7,9,1107950000003226,1,1,3311,2522990635087039727,3631576,247.07094149,77.74357828,0.0090555502101778,0.0080813895910978,55999.9096855,19.70599937438965,0.013659999705851,18.7450008392334,0.0024419999681413,18.56550025939941,0.0124819995835423,262160391,524416,196608,6,2559.9599609375,3769.75,0.0362222008407115,0.0323254987597465,1.5735100507736206,1.475559949874878,52.27050018310547,0.0047334497794508,0.0,0.9987750053405762,0.9987750053405762,3.85479998588562,0.5079349875450134,0.0256389006972312,0.4767130017280578,2.237590074539185,1.2307599782943726,4.759979856316932e-05,6.502290261778398e-07,0.0001153440025518,2.81619009001588e-07,0.917577028274536,3.5,0.0001360850001219,1.6986299442578456e-06,5.593969821929932,559.0,31.729799270629883,3.7151199450136125e-08,7.420430279125867e-07,24.985300064086918,0.25,3311.0,2.5229914186501356e+18,3634495.0,247.0709462,77.74358848,0.0044657499529421,0.0042650699615478,56319.9773788,19.58810043334961,0.0089229997247457,18.60569953918457,0.0014580000424757,18.253700256347656,0.0081839999184012,262160391.0,524416.0,196608.0,13.0,2559.97998046875,3769.85009765625,0.0178629998117685,0.017060300335288,1.1896799802780151,1.123289942741394,70.90049743652344,0.3904809951782226,0.0,0.9979619979858398,0.9979619979858398,8.505729675292969,0.345656007528305,0.0064846598543226,0.3265619874000549,2.2200400829315186,1.1609400510787964,5.305889862938784e-05,4.734249898774579e-07,0.0001311319938395,1.9117500471566018e-07,0.8917940258979797,2.7500100135803223,0.0001813489943742,1.4840900348644936e-06,5.550099849700928,1385.0,30.088600158691406,3.4250000169322454e-08,6.477450256170414e-07,25.016300201416016,0.25,3311,2522989700394781935,3628094,247.07083015,77.7435731,0.0052034701220691,0.0047030900605022,56392.4909023,19.38759994506836,0.010483999736607,18.394399642944336,0.0011060000397264,18.0939998626709,0.0095870001241564,262160391,524416,196608,12,2560.320068359375,3769.570068359375,0.0208138991147279,0.0188123006373643,1.1529899835586548,1.091439962387085,62.40129852294922,0.4601030051708221,0.0,0.9993379712104796,0.9993379712104796,6.344339847564697,0.3253470063209533,0.006728480104357,0.3143549859523773,2.103899955749512,1.1361299753189087,6.382170249707997e-05,6.690889904348296e-07,0.0001593079941812,1.7626899762035467e-07,0.8865320086479187,2.75,0.000210091995541,2.0142099401709856e-06,5.259749889373779,1980.0,28.958200454711918,3.727440045508956e-08,8.449720212411194e-07,25.013999938964844,0.25,3311,2522989963729964271,3629075,247.07086949,77.74360215,0.009286830201745,0.0087569896131753,55975.7335983,19.188600540161133,0.0190619993954896,18.30680084228516,0.0019470000406727,17.98940086364746,0.018190000206232,262160391,524416,196608,6,2560.22998046875,3770.030029296875,0.0371472984552383,0.0350278988480567,1.2596900463104248,1.1712599992752075,78.11579895019531,0.3006199896335602,0.0,0.9973350167274476,0.9973350167274476,2.547970056533813,0.3197250068187713,0.0145966997370123,0.3011020123958587,1.9457999467849727,1.0893100500106812,7.665890007046983e-05,1.4612700169891468e-06,0.0001726890041027,3.3624800721554493e-07,0.8891630172729492,2.75,0.00023133099603,4.207890015095472e-06,4.8645100593566895,600.0,24.22590065002441,5.908239941732064e-08,1.9081398932030424e-06,25.005800247192383,0.25,3311,2523050394725125359,3854198,247.07100312,77.74359017,0.0225872006267309,0.0204863995313644,55964.4880433,19.027000427246094,0.0434839986264705,18.10120010375977,0.0016240000259131,18.0221004486084,0.0352559983730316,262160391,524416,196608,9,2559.800048828125,3769.8798828125,0.0903490036725997,0.0819459035992622,1.2044899463653564,1.1557300090789795,52.78850173950195,0.7754049897193909,0.0,0.9989100098609924,0.9989100098609924,1.5062600374221802,0.3850679993629455,0.0108262002468109,0.3586409986019134,1.5347000360488892,1.0333000421524048,8.895790233509615e-05,3.8682501326547936e-06,0.0002086930035147,3.389149867416563e-07,0.8996679782867432,2.9999899864196777,0.0002244799979962,7.914210073067807e-06,3.836750030517578,720.0,17.48740005493164,1.469850019475416e-07,4.647009973268723e-06,25.02470016479492,0.2499990016222,0.0005882933431419,,,,,,,,,,,,,,,,,,1,4.75919,4.12612,4.68509,3.569,4.03032,WISEA J162817.06+774437.0,UvS,,,,,0.08759880065917613,0.13930130004882812,0.21129989624023438,0.3506011962890625,0.20560073852539062,0.0028441392315182554,0.001830027380050348,0.0022392063875967963,0.002535386606130364,0.17950057983398793,0.35199928283691406,0.3003997802734375,0.31739997863769887,0.07909965515137074,38.59201297795066,0,False,0.4181882122944303,1.978291239579481,,NaN,ZTF21abduhvf,247.0684506003024,77.74378215021326
PSO J084600.789+804926.834,,,,204981315029979725,1071415000026858,354558140246250,0,15733461350349,20498,1,2624,20,0.962176050955594,1071415,82552,3,444915712,53,131.50328923,80.82412079,0.0010000000474974,0.0010000000474974,131.50330185,80.82412383,0.0246399994939565,0.0373900011181831,56459.35905093,3.130199909210205,-0.105671952553119,0.1194265460265969,0.9872034939908632,101.88136930206132,59.1191328709383,132.34968731904118,31.21032837181971,,10,52,5,14,23,10,0,1123203000001392,1,1,4706,2523040560592196194,3817563,131.5033619,80.82414665,0.040626298636198,0.0359290987253189,56377.9429813,21.146299362182617,0.0524730011820793,20.656299591064453,0.0043950001709163,20.70319938659668,0.061404999345541,262160391,524288,196608,8,3990.760009765625,3765.659912109375,0.1625069975852966,0.1437180042266845,1.8008300065994265,1.6879899501800537,-56.243900299072266,0.0934654995799064,1.7458800518569545e-13,0.9993799924850464,0.9993799924850464,1.5542099475860596,0.4753060042858124,-0.0582002997398376,0.6473960280418396,1.5937999486923218,1.0127099752426147,1.263190006284276e-05,6.628329742852657e-07,1.983679976547137e-05,8.718939881191545e-08,0.92849600315094,4.249949932098389,1.89990005310392e-05,1.1666400041576708e-06,3.984489917755127,989.0,7.366940021514893,-9.691579982984422e-09,8.506750077685865e-07,24.98240089416504,0.2499970048666,4706.0,2.5229298706950436e+18,3405211.0,131.50318947,80.82412455,0.0183065999299287,0.0174484997987747,56403.5030105,20.66580009460449,0.0304550006985664,20.278400421142575,0.0038850000128149,20.35280036926269,0.0391979999840259,262160391.0,524416.0,196608.0,9.0,3991.0400390625,3765.22998046875,0.0732264965772628,0.0697941035032272,1.3304100036621094,1.2556999921798706,-73.40509796142578,0.0751532018184661,5.778089829075354e-22,0.998130977153778,0.998130977153778,1.4160499572753906,0.2596440017223358,-0.0123338000848889,0.3739289939403534,1.2239199876785278,0.9418519735336304,1.966519994311966e-05,5.988999873807188e-07,2.8096499590901655e-05,1.0914600068190341e-07,0.907841980457306,3.2500100135803223,2.6236000849166885e-05,1.0283899882779224e-06,3.059799909591675,880.0,9.633410453796388,2.2657999920738803e-08,9.20663978831726e-07,25.03280067443848,0.25,4706,2522930372937781858,3407082,131.50317475,80.82409063,0.0213239006698131,0.020652400329709,56326.2259417,20.077699661254883,0.0334910005331039,19.78860092163086,0.002604000037536,19.88010025024414,0.0437269993126392,262160391,524416,196608,12,3990.989990234375,3764.719970703125,0.0852956026792526,0.0826096981763839,1.4878499507904053,1.4545999765396118,82.97039794921875,0.5243690013885498,3.348070094943978e-05,0.9982349872589112,0.9982349872589112,1.3561899662017822,0.3290289938449859,-0.0505920015275478,0.4486599862575531,1.286509990692139,0.8968219757080078,3.3800399251049384e-05,1.132009970206127e-06,4.41111988038756e-05,1.148589987565174e-07,0.920976996421814,3.7499899864196777,4.054620148963295e-05,1.7729599903759663e-06,3.216279983520508,1260.0,4.148399829864502,3.0231600334218456e-08,1.1147500345032313e-06,25.008899688720703,0.25,4706,2522931212603888226,3410210,131.50328196,80.82410242,0.0180665999650955,0.0166287999600172,55903.5538822,20.192100524902344,0.0417779982089996,19.84760093688965,0.0034769999329,19.94359970092773,0.0527970008552074,262160391,524416,196608,8,3990.77001953125,3764.949951171875,0.0722664967179298,0.066515102982521,1.0939199924468994,1.0313199758529663,79.1583023071289,0.4201039969921112,1.335960009285486e-09,0.9974200129508972,0.9974200129508972,1.4882099628448486,0.1702110022306442,0.002265420043841,0.2207330018281936,0.968595027923584,0.8089020252227783,3.041909985768143e-05,1.2708400163319311e-06,4.178000017418526e-05,1.4526999336794688e-07,0.8817179799079895,2.5,3.824240047833882e-05,2.0191000658087432e-06,2.421489953994751,780.0,6.063010215759277,-2.0213500206978097e-08,2.0753700482600834e-06,25.016300201416016,0.25,4706,2522931883960963682,3412711,131.50331968,80.82404538,0.0537679009139537,0.0499044992029666,56054.2270754,20.252700805664062,0.1321420073509216,19.8356990814209,0.0036639999598264,19.972400665283203,0.1613530069589615,195035141,655360,196608,8,3990.530029296875,3764.14990234375,0.2150720059871673,0.1996179968118667,1.0115599632263184,0.9723659753799438,-86.81410217285156,0.7271429896354675,0.0189577005803585,0.99651300907135,0.99651300907135,1.3471800088882446,0.2024819999933242,-0.0158740002661943,0.1809040009975433,0.9476010203361512,0.7183229923248291,2.8768299671355635e-05,3.801510047196643e-06,4.2239400499966e-05,1.5476800285796346e-07,0.8689860105514526,2.4999899864196777,3.72417998732999e-05,6.009070148138562e-06,2.36899995803833,710.0,2.346359968185425,3.0557998798030894e-07,6.083730113459751e-06,25.04080009460449,0.2499990016222,0.0088852366507572,,,,,,,,,,,,,,,,,,1,8.61396,3.95887,10.4241,1.53953,2.2402,WISEA J084600.72+804926.9,IrS,,,,,-0.05900001525878906,0.37789916992187855,0.4897994995117152,0.8676986694335938,0.01190185546875,0.00586593995894316,0.004676969242475223,0.004344001004704544,0.005051180479748715,-0.04689979553222656,-0.07439994812011719,-0.09149932861328125,-0.09599876403808238,-0.1367015838623047,27.659173991584026,0,False,3.728825467038628,32.0392899688802,,NaN,ZTF20acowona,131.55124010435944,80.82868419251862
PSO J203048.558+812144.126,,,,205633077024385584,1061075000003121,358062833536048,0,13531474157630,20563,1,2632,36,0.993834857823173,1061075,83368,3,444915712,53,307.70232851,81.36225735,0.0010000000474974,0.0010000000474974,307.70232873,81.3622421,0.0383299998939037,0.0703599974513053,55956.73303241,2.7188000679016118,0.0918481807878678,-0.118827677481346,0.9886576226127772,72.09267290479444,72.61959999213933,114.40180909737217,23.24447501262545,,5,37,0,8,14,10,5,1477373000000828,1,1,4732,2523040823927378556,3818544,307.70180631,81.36225735,0.1208219975233078,0.1065709963440895,56033.5692236,22.35280036926269,0.1752279996871948,21.64800071716309,0.0076879998669028,21.597900390625,0.167833998799324,195035141,655360,196608,6,3528.070068359375,3300.780029296875,0.4832890033721924,0.426281988620758,1.5683900117874146,1.439869999885559,76.4166030883789,0.1406269967555999,0.0080585600808262,0.9984449744224548,0.9984449744224548,1.2203500270843506,0.4820579886436462,-0.0700464025139808,0.3008280098438263,1.524150013923645,0.6768940091133118,4.158080173510825e-06,7.286109848791966e-07,7.958060450619087e-06,6.118540341049085e-08,0.9195619821548462,3.75,8.333870027854573e-06,1.398709969180345e-06,3.810379981994629,817.0,2.649610042572021,-7.514080024861869e-09,6.717519909216207e-07,24.97439956665039,0.25,4732.0,2.523066071355757e+18,3912598.0,307.70227204,81.36218611,0.0348623991012573,0.0324461981654167,56091.1926241,21.00860023498535,0.059579998254776,20.593700408935547,0.0043810000643134,20.65679931640625,0.0739649981260299,262160391.0,524288.0,196608.0,12.0,3527.139892578125,3299.64990234375,0.1394499987363815,0.1297850012779235,1.4042099714279177,1.312190055847168,85.21399688720703,0.5134869813919067,2.515929918445181e-05,0.998112976551056,0.998112976551056,1.547950029373169,0.3107759952545166,0.0145215997472405,0.3533009886741638,1.2761399745941162,0.8580020070075989,1.4339800145535264e-05,8.543599960830761e-07,2.101400059473235e-05,9.205660234101742e-08,0.902191996574402,3.25,1.982849971682299e-05,1.4666200058854884e-06,3.19035005569458,960.0,4.213369846343994,2.439870083748019e-09,1.0780099728435744e-06,24.99959945678711,0.25,4732,2522931009666683516,3409454,307.70232851,81.3622192,0.0147069003432989,0.0137424999848008,55916.1138678,20.39830017089844,0.0294499993324279,20.0,0.0028679999522864,20.039499282836918,0.0363040007650852,262160391,655488,196608,12,3526.97998046875,3300.1298828125,0.0588276982307434,0.0549699999392032,1.151569962501526,1.1037299633026123,59.781700134277344,0.4256519973278045,4.7190200254127856e-15,0.9978449940681458,0.9978449940681458,1.4584100246429443,0.232137992978096,0.0021482200827449,0.2451889961957931,1.1272900104522705,0.852088987827301,2.5157500203931704e-05,7.408970077449339e-07,3.630880019045435e-05,1.0412699680273364e-07,0.8917940258979797,2.75,3.501030005281791e-05,1.2709999737126054e-06,2.818229913711548,1305.0,7.834179878234863,2.739500004622641e-08,1.0541899655436282e-06,25.00790023803711,0.25,4732,2523032161783648892,3786275,307.70238432,81.3622717,0.0162950009107589,0.0145370000973343,55972.1397719,20.001100540161133,0.034510999917984,19.6018009185791,0.0034250000026077,19.62579917907715,0.0458329990506172,262160391,655488,196608,12,3526.800048828125,3300.85009765625,0.0651803985238075,0.0581481009721756,1.1003600358963013,0.9944480061531068,83.91310119628906,0.688647985458374,1.13653995867935e-05,0.9984840154647828,0.9984840154647828,1.482149958610535,0.2035979926586151,-0.0093886395916342,0.2233420014381408,1.115820050239563,0.7964829802513123,3.6271401768317446e-05,1.2517699587988318e-06,5.239159872871824e-05,1.794270048094404e-07,0.8944240212440491,2.7499899864196777,5.1246999646537006e-05,2.348790076212026e-06,2.7895400524139404,630.0,4.389420032501221,2.252170006045162e-08,2.42067994804529e-06,25.02389907836914,0.2499990016222,4732,2523050539680273020,3854738,307.70261733,81.36227059,0.0280836001038551,0.0271386001259088,55853.7019985,19.73859977722168,0.0674740001559257,19.22330093383789,0.0023350000847131,19.3213005065918,0.0784749984741211,262160391,655360,196608,12,3526.300048828125,3300.800048828125,0.1123339980840683,0.1085539981722831,0.9889360070228576,0.9805150032043456,24.78899955749512,1.256309986114502,2.5399899961087158e-09,0.9984229803085328,0.9984229803085328,1.4305100440979004,0.2617979943752289,0.0126615995541214,0.213578000664711,1.142199993133545,0.8524010181427002,4.619270112016238e-05,3.116779907941236e-06,7.424419891322032e-05,1.733850041318874e-07,0.8891630172729492,2.75,6.784150173189119e-05,5.323830009729136e-06,2.8554999828338623,970.0,5.958859920501709,1.760229935143798e-07,4.512100076681236e-06,25.04610061645508,0.25,0.0073302707250964,,,,,,,,,,,,,,,,,,1,6.15415,5.28026,1.81574,1.52569,4.18865,WISEA J203048.65+812144.1,IrS,,,,,0.39819908142089844,1.0543003082275426,0.5937004089355469,1.6480007171630895,0.37849998474121094,0.008848644162639353,0.00523627589894085,0.004467219352592565,0.004145220188780438,0.05010032653808949,-0.06309890747070312,-0.039499282836917615,-0.023998260498046875,-0.0979995727539098,16.59524327201785,0,False,4.964940329232881,26.358552641552237,,NaN,ZTF19abkuttl,307.71943849666405,81.35538639561454
PSO J233902.764+014550.390,,,,110113547614577292,1064877000067003,82927228618173,0,13209025721477,11011,1,1411,48,0.735517645939735,1064877,19308,3,444915712,53,354.76153299,1.76402593,0.0010000000474974,0.0010000000474974,354.76152063,1.76399731,0.0217199996113777,0.0295000001788139,55986.6465162,1.2372000217437744,0.995351385752621,-0.0912581197211694,0.0307826974986549,355.8922481557723,3.700612039923653,88.94848984690755,-56.25521754038252,,4,20,0,3,5,9,3,1192195000005694,1,1,1193,2523073711834137769,3941061,354.76153427,1.76399435,0.1255400031805038,0.1180799975991249,55958.6639934,23.697900772094727,0.2559959888458252,22.416000366210938,0.012075999751687,,,186646529,655364,196608,12,788.364013671875,2612.3798828125,0.5021610260009766,0.4723219871520996,1.1811200380325315,1.1265699863433838,39.40890121459961,0.0781626999378204,,0.9863939881324768,0.9863939881324768,1.969130039215088,,,,,,1.20457002594776e-06,3.083640081058548e-07,3.922909854736645e-06,4.7374701495073175e-08,0.760761022567749,2.5,,,,688.0,,2.492330075654081e-08,5.899760253669228e-07,24.99659919738769,0.25,1193.0,2.523078210007074e+18,3957818.0,354.76152662,1.76403062,0.0286199003458023,0.0274541992694139,55824.2074051,21.953399658203125,0.0616730004549026,21.164499282836918,0.0057319998741149,21.18099975585937,0.0587119981646537,262160391.0,655360.0,196608.0,11.0,788.4650268554688,2612.9599609375,0.1144800037145614,0.1098169982433319,1.026819944381714,1.0013500452041626,-80.88189697265625,0.3923310041427612,6.295259907235666e-24,0.9972699880599976,0.9972699880599976,5.55226993560791,0.2330719977617263,0.0122461002320051,0.2311439961194992,1.098099946975708,0.905892014503479,6.007020147080766e-06,3.7047101386633596e-07,1.2422499821695965e-05,7.120900136214915e-08,0.872169017791748,2.4999899864196777,1.2235200301802251e-05,7.183509751484962e-07,2.745260000228882,960.0,10.087200164794922,1.2756400380453671e-08,5.818000090584974e-07,25.0093994140625,0.2499990016222,1193,2523080923084227753,3967925,354.76153674,1.76399372,0.0122774997726082,0.0112869003787636,56356.4573035,20.89389991760254,0.0299249999225139,20.25670051574707,0.0032269998919218,19.94540023803711,0.0320330001413822,262160391,655488,196608,10,788.3319702148438,2612.429931640625,0.049109898507595,0.0451476983726024,0.9556879997253418,0.9307559728622437,-26.76420021057129,0.4287469983100891,0.0,0.9979599714279176,0.9979599714279176,16.70509910583496,0.1872529983520507,0.0003947500081267,0.1741670072078704,1.4105199575424194,0.9078800082206726,1.5938199794618413e-05,4.769530050907633e-07,2.8664100682362917e-05,9.25114989058784e-08,0.848825991153717,2.25,3.818070035777055e-05,1.2230600532348037e-06,3.526309967041016,1350.0,15.195599555969238,7.224460141230793e-09,5.905080229240411e-07,25.00690078735352,0.25,1193,2523072611248768169,3936961,354.76153299,1.76402593,0.0135019002482295,0.012674800120294,55905.9736559,20.377700805664062,0.0332820005714893,19.85860061645508,0.0038050001021474,,,253771783,4849792,196608,10,788.3889770507812,2612.889892578125,0.0540077984333038,0.0506994016468524,0.9878029823303224,0.959716022014618,83.87999725341797,0.6769310235977173,2.623359885729768e-19,0.9850749969482422,0.9850749969482422,9.152810096740724,0.1760639995336532,-0.0013138400390744,0.2084439992904663,,0.8483549952507019,2.5640400053816848e-05,8.533720006198564e-07,4.13566995121073e-05,1.5735000147287792e-07,0.7575780153274536,2.5,,,,660.0,8.983480453491211,4.1778701387329427e-08,1.504479996583541e-06,25.021699905395508,0.25,1193,2523073496817337513,3940260,354.76151077,1.76405065,0.0219638999551534,0.020075200125575,55999.204627,20.03350067138672,0.0547459982335567,19.56410026550293,0.0032649999484419,19.234600067138672,0.0532380007207393,262160391,655360,196608,12,788.708984375,2613.260009765625,0.0878558978438377,0.0803010985255241,0.9695590138435364,0.8923889994621277,-80.48760223388672,0.5472099781036377,7.288730022782104e-29,0.9978650212287904,0.9978650212287904,3.344899892807007,0.1644009947776794,0.0045254598371684,0.1890529990196228,1.114150047302246,0.8316540122032166,3.520320024108514e-05,1.9272199551778613e-06,5.4247400839813054e-05,1.7709699307033588e-07,0.8645449876785278,2.25,7.347750215558335e-05,3.911789917765418e-06,2.7853798866271973,710.0,11.14840030670166,7.829609671716754e-08,3.840999852400273e-06,25.03470039367676,0.25,0.0030208758831612,,,,,,,,,,,,,,,,,,1,,3.9863,3.91916,5.02224,4.99905,,,,,,,0.39809989929198863,1.2515010833740199,0.9077987670898473,2.159299850463867,0.294500350952152,0.013367333038403649,0.006577944273047358,0.004989143621885928,0.005013805983548559,,-0.016500473022453832,0.31130027770996094,,0.3295001983642578,2.7348803898857095,0,,2.74951048774882,10.952900840241872,,NaN,ZTF18abtczhi,354.7641268222218,1.7624254222286029
PSO J235252.149+091022.970,,,,119003582172328214,1101661000027067,123463129917882,0,13198887548578,11900,1,1501,29,0.82398986427485,1101661,28746,3,444915712,53,358.21728805,9.17304746,0.0010000000474974,0.0010000000474974,358.2173118,9.1730463,0.0224799998104572,0.016109999269247,55909.27358796,4.426300048828125,0.9867335639423296,-0.0307109203898705,0.1594167907043527,2.045127494899776,9.118573547318745,99.55864343102547,-51.02137799341007,,5,62,10,17,18,11,6,1197823000003847,1,1,3481,2523081266950049177,3969206,358.21727123,9.17305624,0.0162320993840694,0.0154820000752806,55944.462793,21.3164005279541,0.0306839998811483,,0.0030159999150782,20.403099060058597,0.0289309993386268,262160391,524416,196608,12,2521.47998046875,5706.06982421875,0.0649281963706016,0.0619277991354465,1.2507400512695312,1.2032400369644165,-12.02560043334961,0.2119189947843551,0.0,0.9989110231399536,0.9989110231399536,1.6420700550079346,0.3720079958438873,-0.0242474991828203,0.3019120097160339,1.450279951095581,1.0249099731445312,1.0800000382005235e-05,3.313909928692738e-07,-5.186830094316974e-05,1.5644700113170987e-07,0.8996679782867432,3.0000100135803223,2.504780059098266e-05,7.246570135066577e-07,3.625710010528565,774.0,20.407400131225582,-1.2996600462500394e-09,5.574980264100304e-07,24.993600845336918,0.2500010132789612,3481.0,2.523082806158954e+18,3974940.0,358.21728805,9.17304746,0.0101172998547554,0.009608119726181,55779.4998166,20.701400756835938,0.0205329991877079,19.964399337768555,0.0026670000515878,19.97900009155273,0.0222900006920099,262160391.0,524416.0,196608.0,17.0,2521.22998046875,5705.9599609375,0.0404694005846977,0.0384326018393039,1.0929299592971802,1.0673400163650513,6.527329921722412,0.548350989818573,0.0,0.9979550242424012,0.9979550242424012,1.8248300552368164,0.3198949992656708,-0.0204750001430511,0.2715139985084533,1.3836400508880615,1.0224100351333618,1.9030499970540404e-05,3.907470045305672e-07,3.751839903998189e-05,1.0004799833041035e-07,0.8891630172729492,2.7499899864196777,3.701699824887328e-05,8.251059853137122e-07,3.4591100215911865,1480.0,17.87809944152832,1.619310019407294e-08,6.464679813689145e-07,24.999399185180664,0.2499990016222,3481,2523083810912865689,3978683,358.21729864,9.17306469,0.0058182599022984,0.00555264018476,56085.7534132,20.52580070495605,0.0146399997174739,19.62809944152832,0.0027419999241828,19.37150001525879,0.0144980000331997,262160391,524416,196608,17,2521.070068359375,5706.2099609375,0.0232730992138385,0.0222105998545885,0.9367319941520692,0.9025359749794006,1.6011300086975098,0.1684750020503997,0.0,0.9969300031661988,0.9969300031661988,3.447999954223633,0.1964270025491714,-0.0133760003373026,0.1716870069503784,1.4862300157546997,0.989122986793518,2.2370100850821476e-05,3.275040114658623e-07,5.113899896969088e-05,1.4019799721154413e-07,0.8504840135574341,2.0,6.477600254584104e-05,9.39098015351192e-07,3.715559959411621,1035.0,30.536800384521484,2.1859900556364664e-08,6.921990234332043e-07,25.025999069213867,0.25,3481,2523082287004781977,3973006,358.21727139,9.17304293,0.0111832004040479,0.0108505003154277,55929.660545,20.197200775146484,0.0283829998224973,19.304100036621094,0.002771999919787,19.2012996673584,0.0278290007263422,262160391,524416,196608,10,2521.43994140625,5705.89013671875,0.0447328984737396,0.043401800096035,0.9243329763412476,0.9073230028152466,-6.956900119781494,0.5357589721679688,0.0,0.998134970664978,0.998134970664978,1.7212300300598145,0.2347529977560043,-0.0184431001543998,0.1925719976425171,1.3426300287246704,0.9792529940605164,3.0278599297162145e-05,8.593830216341303e-07,6.892489909660071e-05,1.9108300364223401e-07,0.8645449876785278,2.25,7.576450298074633e-05,2.1084599666210124e-06,3.3565800189971924,750.0,20.09510040283203,3.2165701213671134e-08,1.4948700481909327e-06,25.02630043029785,0.25,3481,2523081239838068121,3969105,358.21728975,9.17303047,0.0190607998520135,0.0177573002874851,56010.980449,20.18829917907715,0.0539579987525939,19.334800720214844,0.0028570001013576,19.284500122070312,0.0478920005261898,262160391,655488,196608,14,2521.219970703125,5705.7099609375,0.0762429982423782,0.0710289999842643,0.8198369741439819,0.7814189791679382,59.62089920043945,0.8992850184440613,0.0,0.9981150031089784,0.9981150031089784,1.3314499855041504,0.1854400038719177,-0.0204281006008386,0.1756100058555603,1.0762900114059448,0.8991109728813171,3.052660031244159e-05,1.6471600474687875e-06,6.70001027174294e-05,1.913890059768164e-07,0.8504840135574341,2.0,7.017979805823416e-05,3.361019935255172e-06,2.6907200813293457,750.0,16.273700714111328,1.8793700462538254e-07,3.3392300338164205e-06,25.067699432373047,0.25,0.0152918985536834,,,,,,,,,,,,,,,,,,1,23.3292,2.49433,4.03795,4.04425,4.17603,,,,,,,0.32399940490722656,,0.3362998962402344,,-0.03070068359375,0.004026058216534013,0.003825108215382646,0.0038990443879901664,0.003980757859309766,,-0.014600753784176135,0.25659942626953125,0.10280036926269531,0.05030059814453125,,0,,2.7265160451223482,54.953728495037545,,NaN,ZTF18acnjkyj,358.2168494714194,9.188304400008278
PSO J181849.336+501739.030,,,,168352747056943566,977280000053763,285112814064133,0,13551989824755,16835,1,2335,57,0.575626069284627,977280,66383,3,436527104,52,274.70556748,50.29417508,0.0010000000474974,0.0010000000474974,274.7055079,50.29418132,0.0166900008916854,0.025849999859929,56242.12363426,1.4500999450683594,0.0524072905876283,-0.6366927238509752,0.7693346809344356,280.67095902473955,73.5591823470597,78.42567730274546,25.55935630077376,,5,40,0,2,22,9,7,1170107000003465,1,1,1175,2523003690177004695,3680210,274.70562968,50.29417002,0.0976004004478454,0.0941656976938247,55724.8302922,22.885499954223636,0.1593630015850067,22.548999786376957,0.0092289997264742,22.46579933166504,0.1883199959993362,195035141,655360,196608,8,586.7479858398438,4579.0498046875,0.3904010057449341,0.3766629993915558,1.3968600034713743,1.3713200092315674,60.24290084838867,0.352616012096405,0.111004002392292,0.9985209703445436,0.9985209703445436,1.4572499990463257,0.2712540030479431,0.0012575399596244,0.3261559903621673,1.2686699628829956,0.85282301902771,2.5456999992456986e-06,4.056909972405265e-07,3.4706299629760906e-06,3.2031998387083156e-08,0.9159529805183412,3.5,3.7468898881343193e-06,7.056149797790567e-07,3.1716699600219727,1315.0,1.593690037727356,4.8890900217202216e-09,5.819470061396714e-07,24.97520065307617,0.25,1175.0,2.523005625328207e+18,3687419.0,274.70558744,50.29417508,0.0728643983602523,0.0686490982770919,55941.783173,22.17989921569824,0.1486430019140243,22.784299850463867,0.0108949998393654,,,186646529.0,655360.0,196608.0,4.0,587.176025390625,4579.1201171875,0.2914580106735229,0.2745960056781769,1.1444499492645264,1.11844003200531,31.887800216674805,0.4423289895057678,-0.0055939401499927,0.9808869957923888,0.9808869957923888,1.504729986190796,0.1066119968891143,0.0187797993421554,0.1608889997005462,,-0.2751820087432861,4.875929789704969e-06,7.247720077430131e-07,2.794369947878294e-06,3.044349838887683e-08,0.6602960228919983,2.75,,,,1160.0,-2.7706799507141118,1.0903099756376378e-08,8.297780027533008e-07,25.01689910888672,0.25,1175,2523058797828637847,3885502,274.70555559,50.29417977,0.0101955002173781,0.0101899001747369,56346.1625668,20.44820022583008,0.0175080001354217,20.65130043029785,0.0027580000460147,20.72220039367676,0.0291590001434087,262144005,524416,196608,18,587.4000244140625,4579.18994140625,0.0407821014523506,0.0407597012817859,1.0240099430084229,1.0134299993515017,49.37220001220703,0.7930560111999512,-0.0035464300308376,0.9981200098991394,0.9981200098991394,1.3465100526809692,0.1405880004167556,-0.0005933109787292,0.1504359990358352,0.8173289895057678,0.6939929723739624,2.402909922238905e-05,4.207120127830422e-07,1.992800025618635e-05,5.495699895163853e-08,0.8839020133018494,2.7499899864196777,1.866810089268256e-05,5.443529857984686e-07,2.0433199405670166,2535.0,-2.9159200191497803,3.0508098824988394e-10,6.567440209437336e-07,25.031200408935547,0.2499990016222,1175,2523005777799546007,3687987,274.7055372,50.29417558,0.0190597008913755,0.0184422992169857,55991.034347,19.90519905090332,0.0320469997823238,19.832500457763672,0.003303000004962,19.95490074157715,0.0458279997110366,262144005,655488,196608,6,587.6370239257812,4579.16015625,0.076239101588726,0.0737693011760711,1.0987499952316284,1.0333600044250488,30.88570022583008,0.5175279974937439,0.2866010069847107,0.9982410073280334,0.9982410073280334,1.1925899982452393,0.176497995853424,0.0057386797852814,0.1660420000553131,0.8653429746627808,0.7591050267219543,3.962230039178394e-05,1.2697599913735758e-06,4.23657002102118e-05,1.3991700598126044e-07,0.8865320086479187,2.7499899864196777,3.7847599742235616e-05,1.7344899561066995e-06,2.163360118865967,840.0,1.0656100511550903,4.055700131289086e-08,1.872040002126596e-06,25.021900177001957,0.2499990016222,1175,2523048041083045015,3845430,274.70556748,50.29417333,0.0211890991777181,0.0176564995199441,56169.4248755,19.59480094909668,0.0525619983673095,19.664600372314453,0.0028109999839216,19.7460994720459,0.0791139975190162,195035141,524288,196608,9,587.3289794921875,4579.08984375,0.0847565978765487,0.070626400411129,0.9673709869384766,0.8519700169563293,29.908700942993164,0.8509650230407715,0.5797110199928284,0.9965699911117554,0.9965699911117554,1.194499969482422,0.1287959963083267,0.0097660301253199,0.1323339939117431,0.7501829862594604,0.7185739874839783,5.2734598284587264e-05,2.771849949567695e-06,4.944769898429513e-05,1.3898400652578857e-07,0.8817179799079895,2.4999899864196777,4.587350122164935e-05,3.629239927249728e-06,1.8754600286483765,1010.0,0.5538070201873779,4.2510399111961306e-07,4.478749815461924e-06,25.057600021362305,0.2499990016222,0.0137156747280904,,,,,,,,,,,,,,,,,,1,11.3733,0.830604,1.11331,0.974883,1.28431,,,,,,,0.8187999725341797,-0.2353000640869105,2.1329994201660156,1.8976993560791051,0.16790008544921875,0.014278496330182425,0.011238664767381808,0.004303065568475114,0.00433722606540012,0.08320045471191762,,-0.0708999633789098,-0.12240028381347656,-0.08149909973144531,145.77529629183653,0,,4.458971412294185,49.50033829569727,,NaN,ZTF18aasjqao,274.6884098639953,50.28583075272386
