,ztf_object_id,transient_ra,transient_dec,host_ra,host_dec,tns_cls,spec_z
0,ZTF17aacumqt,72.2271014146093,19.071919653691907,,,M dwarf,
1,ZTF17aadlxmv,127.4483202851852,33.90632172962963,,,SN Ia,0.062
2,ZTF18aabasml,166.4864491160726,37.62508617500341,,,SN Ia,0.047
3,ZTF18aabukgo,154.92666196666667,43.366316313333336,,,SN Ia,0.02611
4,ZTF18aacdbzx,205.25741122942225,38.98604857059942,,,SN Ic-BL,0.08
5,ZTF18aahheaj,195.11053458260864,18.619330108695653,,,SN Ia,0.048
6,ZTF18aajqcue,208.78603027918024,58.49498863182333,,,SLSN-I,0.0735
7,ZTF18aakctzv,192.8326708222222,21.230185144444444,,,SN IIP,0.0232
8,ZTF18aandjhu,263.52691466363376,25.343701081823667,,,SN Ia,0.026
9,ZTF18aapnjqb,286.12680284605835,46.90009457056499,,,SN I,0.03
10,ZTF18aapzqup,291.2590671680785,50.72049344929724,,,AGN,0.065
11,ZTF18aaqkdwf,199.36005556664384,44.947389633354575,,,SN II,0.0913
12,ZTF18aaqkjuw,174.79364974345307,56.13628365654131,,,SN Ia,0.0966
13,ZTF18aartimj,233.8879009344833,12.568006165519536,,,SN II,0.028
14,ZTF18aasdted,261.4131491130502,59.44677402319113,,,SN Ia,0.01815
15,ZTF18aavjnfx,248.92814677777776,4.825935900000843,,,SN Ia,0.06
16,ZTF18aavqdyq,268.4345872263158,40.75576071754386,,,SN II,0.026
17,ZTF18aavvnzu,270.2301551306377,52.739635590331055,,,SN Ia,0.0498
18,ZTF18aawcwsx,160.13927561207342,47.040162708630106,,,SN Ia,
19,ZTF18aawdpnm,213.8297426674443,16.892158990701375,,,SN Ia,0.0439
20,ZTF18aawmxdx,147.24317566999952,13.984374680000329,,,SN Ia,0.0425
21,ZTF18aawyjjq,263.0588488691358,36.07399610123457,,,SN II,0.04
22,ZTF18aaxjuwy,188.12229424324428,4.888929762163059,,,SN IIn,0.0828
23,ZTF18aaxmixe,216.6673334470608,7.6182433588274705,,,SN Ia,0.08
24,ZTF18aaxnqjb,207.34228194210576,21.0707643579005,,,SN II,0.054
25,ZTF18aaxtcdm,231.54977933067224,6.357181541752169,,,SN Ia,0.075
26,ZTF18aaxxfgs,232.8085610433831,16.892708725825457,,,SN IIn,0.026
27,ZTF18abaeawz,281.5850323541167,70.7370710877928,,,SN Ia,0.1
28,ZTF18abauprj,254.77099647692395,47.23643948461734,,,SN Ia-91T-like,0.028
29,ZTF18abcdzyc,195.44052267142857,61.46540725,,,SN Ia,0.056
30,ZTF18abcfcoo,244.0009080080129,22.26802038667644,,,SN Ic-BL,0.0
31,ZTF18abcfdzu,230.2171540651476,54.21555088900454,,,SN IIP,0.125
32,ZTF18abcflnz,281.55983210566,35.968702747171754,,,SN Ia,0.024
33,ZTF18abckutn,237.02688826585367,55.71483687073171,,,SN IIP,0.0401
34,ZTF18abcptmt,267.3298859611112,49.4124002,,,SN II,0.05
35,ZTF18abcrzce,191.16049360787,6.30130153068464,,,SN Ia,0.0561
36,ZTF18abdbysy,233.53538616060604,56.69685023030303,,,SN II,0.01127
37,ZTF18abdfwcy,190.68275192000044,34.10732448666867,,,SN IIP,0.014
38,ZTF18abdkkwa,267.0221711030303,52.22372712424242,,,SN Ic,0.025318
39,ZTF18abdpvnd,348.52260162051283,29.6333790448718,,,SN Ia,0.046
40,ZTF18abeajml,252.0323627083333,24.304088897916667,,,SN II,0.03651
41,ZTF18abecbks,248.94388953703705,71.68753705925927,,,SN Ic,0.03048
42,ZTF18abffdpa,271.2474233066319,34.80993408275873,,,SN Ia,0.099
43,ZTF18abffyqp,252.708691090625,45.39788865625,,,SN II,0.031302
44,ZTF18abfhryc,284.9898013385039,72.26730536154935,,,SN Ia,0.0323
45,ZTF18abgledy,236.42344659687248,11.952786687503092,,,SN Ia,0.07
46,ZTF18abgmcmv,274.05450086875214,55.59087644062895,,,SN Ia-91T-like,0.018506
47,ZTF18abgrlpv,283.93741883333337,47.44124777777778,,,SLSN-II,0.2104
48,ZTF18abhqdpv,339.33794996206893,22.37958894827586,,,SN Ia,0.0435
49,ZTF18abiiqdl,212.93845100769232,71.75273419999999,,,SN II,0.03
50,ZTF18abjzaic,252.42790489411837,23.082861188237004,,,CV,
51,ZTF18abkhcrj,256.65133294375545,24.545336084377425,,,SN Ia,0.03823
52,ZTF18abklbam,217.82960702222223,21.290210088888887,,,SN II,0.03
53,ZTF18abktmfz,336.1015162382328,18.07192453382677,,,SN Ib,0.020457
54,ZTF18ablqjul,226.91306902307693,38.21363383846154,,,SN Ia,0.1
55,ZTF18abltfho,256.184734158058,38.23555167742267,,,SN IIn,0.055
56,ZTF18ablwqqf,261.5839346713147,6.271966223900137,,,Varstar,0.0
57,ZTF18abmjyvo,244.93422408235293,50.55187845882353,,,SN Ia,0.05584
58,ZTF18abmmdif,270.14664232000007,61.69771908,,,SN Ia,0.075
59,ZTF18abmnrgb,324.72129914999795,31.737519222732764,,,SN Ia,0.042
60,ZTF18abmoung,225.9380141478261,61.56791275652172,,,SN Ia,0.06589
61,ZTF18abmwnov,3.757670608001785,34.811438868002135,,,SN Ia,0.04777
62,ZTF18abmxahs,257.5465496916671,21.64905867916825,,,SN Ia,0.0148
63,ZTF18abmxdhb,251.37429678440213,65.23898923780699,,,SN Ia,0.07
64,ZTF18abmxfrc,252.75343565333333,25.875974666666668,,,SN Ia,0.06
65,ZTF18abncsdn,347.399275984282,5.5866992404710345,,,SN Ia,0.06
66,ZTF18abntsgz,328.65209514117646,18.11554460882353,,,SN Ia,0.05
67,ZTF18abnuexr,307.05020156554247,-3.1363091873523103,,,SN II,0.015
68,ZTF18abnvoel,260.8139182944444,77.84486211111113,,,SN Ia,0.06
69,ZTF18abnxhmc,329.75757046000007,11.1036512,,,SN Ia,0.076
70,ZTF18abokpvh,274.03093172222225,70.01792298148149,,,SN Ia,0.08
71,ZTF18aboqykf,296.4206317075107,66.50828211252512,,,SN Ia,0.085
72,ZTF18aboztku,243.42310993352825,10.658618224545933,,,SN Ia,0.0802
73,ZTF18abpamut,234.51252168333173,51.36037875834626,,,SN Ia,0.074
74,ZTF18abpaywm,277.8893577846163,49.81611138077144,,,SN Ia,0.045
75,ZTF18abpmmpo,251.97746275000188,42.96880772222398,,,SN Ia,0.075
76,ZTF18abpttky,258.56039224,36.45888294,,,SN Ia,0.084
77,ZTF18abqboud,337.8458206066673,33.51585233333375,,,CV,
78,ZTF18abqjvyl,225.26531825,44.15658975714287,,,SN Ia,0.0877
79,ZTF18abqlpgq,340.1027812,16.190790563636366,,,SN Ia,0.095268
80,ZTF18abreeqx,29.51979527013544,-0.872736899105476,,,SN II,0.08
81,ZTF18abrlljc,253.18410418888172,70.08823422222457,,,SN IIP,0.05
82,ZTF18abrxqcq,296.1819465899036,-14.80690274528216,,,Varstar,0.0
83,ZTF18abrzeym,264.1127347857142,22.490581204762847,,,SN Ia,0.056
84,ZTF18absayvp,243.64086114694464,36.94337403674134,,,SN Ia,0.038
85,ZTF18absbgqd,300.8991018890466,66.22959124450846,,,SN II,0.03
86,ZTF18absdgon,260.9574984499943,46.30150110625316,,,SN Ia,0.085
87,ZTF18absdxpk,238.0137105833333,30.734977283333333,,,SN Ia,0.08
88,ZTF18abshezu,359.3247677931027,-15.631479127588648,,,SLSN-I,0.23
89,ZTF18absldfl,33.599730257131206,30.811925042876037,,,SN II,0.04
90,ZTF18absoocp,358.10078456797464,28.77502719324972,,,SN Ib,
91,ZTF18absoomk,3.4252349965557087,27.56761584827956,,,SN Ia,0.069
92,ZTF18abssdpi,280.8350689142857,58.805486442857145,,,SN Ia,0.1
93,ZTF18abtcdfv,12.5268525625,39.9568730625,,,SN Ia,0.14
94,ZTF18abtfrbf,7.602658693333437,-1.2641702866669249,,,SN Ia,0.0569
95,ZTF18abtgnky,20.58141451564855,-2.4967119137096034,,,SN Ia,0.06
96,ZTF18abtizrj,337.922782400596,36.8482298460775,,,CV,
97,ZTF18abtkqkb,354.94697628000006,-23.9202158,,,SN Ia,0.08
98,ZTF18abtswjk,38.2980038599999,-1.3056699946670849,,,SN IIn,0.0503
99,ZTF18abtvstb,308.2718234118228,-20.856784771220603,,,SN IIb,0.021
100,ZTF18abuatfp,208.0801123626132,55.64118657108801,,,SN Ia-CSM,0.137
101,ZTF18abucvbf,277.063688507691,46.3534335846171,,,SN Ia,0.053
102,ZTF18abuhyjv,39.06519310000054,-1.1997148588238673,,,SN Ia,0.0471
103,ZTF18abuhzfc,16.161695926667164,-4.258174733337313,,,SN Ia,0.0383
104,ZTF18abuicad,19.50088518620747,2.057667017242025,,,SLSN-II,0.135
105,ZTF18abuiknd,29.359195875,8.917277349999999,,,SN Ia,0.108
106,ZTF18abukavn,250.950861475,41.04538055,,,SN Ic-BL,0.032
107,ZTF18abukmty,321.5265214307696,24.045809930771316,,,SN Ia,0.102
108,ZTF18abulqzb,342.04971105000004,16.2360789,,,CV,0.0
109,ZTF18abupgps,16.96568705555602,-15.680646433336648,,,SN Ia-91T-like,0.0993
110,ZTF18abupgql,19.0153042142857,-0.117450157142926,,,SN Ia,0.046
111,ZTF18abuqugw,244.5576735941212,39.12381267647293,,,SN Ia,0.03104
112,ZTF18abvbayb,262.80113614687576,79.05425533534343,,,SN Ia,0.13
113,ZTF18abvejbm,14.260843480000092,-0.8739066400004418,,,SN Ia,0.04416
114,ZTF18abvejqt,11.5524099749947,-9.009873043760209,,,SN II,0.05
115,ZTF18abvfecb,47.58884564999915,-7.685041204546934,,,SN II,0.125
116,ZTF18abvfjwt,94.81085556668422,60.9396407333367,,,SN Ic-BL,0.073
117,ZTF18abvglon,153.5842806499936,56.32123397228776,,,SN Ia,0.05
118,ZTF18abvlchy,22.77987588000053,-14.716170106667748,,,SN Ia-91T-like,0.0875
119,ZTF18abvptts,333.21987835909243,33.04748870454794,,,SN Ia-pec,0.05
120,ZTF18abvrzqj,17.330294850000467,-15.59478072000222,,,SN Ia,0.105
121,ZTF18abvsvjs,37.74118613077473,13.439392838464611,,,SN Ia,0.091
122,ZTF18abvvmdf,249.19744869998905,55.73578270000875,,,SN II,0.029597
123,ZTF18abvxqtp,359.3701297500003,-6.603848487500287,,,SN Ia,0.073
124,ZTF18abwdcdv,270.86461343999065,60.67733969000554,,,SN Ia,0.05019
125,ZTF18abwkrbl,34.064954299990724,28.591287408346787,,,SN IIb,0.00999
126,ZTF18abwktmm,59.25991509999999,-8.502748600000004,,,SN Ia,0.05
127,ZTF18abwlsoi,261.8976073909298,71.53025930000142,,,SN II,0.05
128,ZTF18abwlupf,221.0426106399713,62.89518166502958,,,SLSN-II,0.134
129,ZTF18abxbhov,110.0697528470232,41.34663302355749,,,SN IIn,0.0659
130,ZTF18abxdquf,312.74883351427906,68.77621010953649,,,CV,
131,ZTF18abxdtyz,345.9376720333303,18.13837213333832,,,SN II,0.04
132,ZTF18abxxssh,268.3955436899988,43.21609434000358,,,SN Ia,0.07
133,ZTF18abxygvv,293.84609519449805,64.75839323891077,,,SN Ia,0.08
134,ZTF18abxyudf,330.35670068214705,10.64864870357964,,,SN Ia,0.11
135,ZTF18abygcwk,316.1289952874995,13.051932062501166,,,CV,
136,ZTF18abykswp,98.54520086906606,52.12981779288069,,,SN Ia,0.035795
137,ZTF18abywcnl,295.0281284133204,66.88479874000662,,,SN Ia,0.025
138,ZTF18abyzksx,334.2042421999968,8.545275145457396,,,SN Ia,0.1
139,ZTF18abzbkby,32.90942942571552,14.202259965716877,,,SN Ia,0.0259
140,ZTF18abznpwk,323.2142162616985,-25.339980549240465,,,SN II,0.031
141,ZTF18abzrgim,346.8855932653853,23.005796888464232,,,SN II,0.020811
142,ZTF18abzscns,16.260245818237106,-21.936784063724104,,,SN II,0.057
143,ZTF18abzukky,266.9994718359546,3.4832296953155435,,,CV,
144,ZTF18acahuph,358.71216295999983,5.716186460000529,,,SN Ia-91T-like,0.0498
145,ZTF18acahvwm,357.4924466125,7.073504412500242,,,SN IIb,0.06
146,ZTF18acaipdc,330.2643684249998,7.796007175000611,,,SN Ia-pec,0.053
147,ZTF18acakwsu,68.47671705121952,0.0410605000000146,,,SN II,0.04
148,ZTF18acbudzh,9.833630780000169,-10.478984220000145,,,SN Ia,0.037
149,ZTF18acbudzo,15.659986266662433,-6.392624672226717,,,SN Ia,0.044
150,ZTF18acbuemc,18.68626064000042,4.107049400000477,,,SN II,0.043
151,ZTF18acbufud,28.791613716666696,2.484637266666951,,,SN Ia,0.084
152,ZTF18acbvahw,51.23157602608672,-2.822230578261596,,,SN Ib,0.02
153,ZTF18acbvcmw,35.580663647617094,-12.153027314287286,,,SN Ia,0.073
154,ZTF18acbvgqw,46.51209426333298,-15.611601740007444,,,SN Ia,0.008673
155,ZTF18acbvgry,47.161840760007294,-19.77845956000587,,,SN Ia-pec,0.08
156,ZTF18acbvhfl,57.52610571562763,-11.00342333750332,,,SLSN-II,0.13
157,ZTF18acbvhit,54.86714455806117,-13.11736027742144,,,SN II,0.013856
158,ZTF18acbvnen,105.93516957499122,59.54483647500767,,,SN Ia,0.04
159,ZTF18acbvpzj,40.05326421112005,-19.979164855574467,,,SN Ic-BL,0.119
160,ZTF18acbwaax,149.6750181625096,44.511910331255145,,,SN Ia,0.073
161,ZTF18acbwarv,161.8968653774159,41.714896296778605,,,SN Ia,0.06
162,ZTF18acbwasc,165.49421586953054,45.22757250449693,,,SN IIP,0.02
163,ZTF18acbwasl,156.87489634166502,37.87442546666915,,,SN Ia,0.1
164,ZTF18acbwawc,170.97293570000738,58.14285710000951,,,SN Ia,0.04
165,ZTF18acbwaxk,186.5503273623728,58.31412342493098,,,SN II,0.0024
166,ZTF18acbwazl,182.16169588575897,68.77900825720106,,,SN Ic-Ca-rich,0.0076
167,ZTF18acbwglb,210.72624937074772,73.08273169589454,,,SN II,0.03013
168,ZTF18acbwopo,295.315288148475,63.19816835457858,,,SN II,0.081
169,ZTF18acbwtmf,322.8908967100025,23.01464853000131,,,SN Ia,0.06
170,ZTF18acbwtng,319.7107981750035,2.2617086666718222,,,SN II,0.019
171,ZTF18acbwvsp,341.9067724487781,39.88058776829818,,,SN IIn,0.017062
172,ZTF18acbwxcc,344.8457015809561,8.751280280959904,,,SN Ic-BL,0.0362
173,ZTF18acbxhua,351.5529889444439,-25.740124288889305,,,SN Ia,0.051
174,ZTF18acbxkop,357.7761044753628,1.056756065218039,,,SN II,0.027
175,ZTF18acbxmvy,354.2540085294132,21.43148086470912,,,SN Ia,0.05
176,ZTF18acbxsge,9.800910927272472,-5.200707245455078,,,SN Ia,0.034
177,ZTF18acbxsgy,9.098967991664829,-9.341670208336026,,,SN Ia,0.1
178,ZTF18acbxskh,10.922369050001114,-8.182240005558086,,,SN II-pec,0.201
179,ZTF18acbznkf,166.63417835999618,58.07900488001064,,,SN Ia,0.11
180,ZTF18acbzvpg,170.00051978749818,36.10101826250708,,,SN IIb,0.026
181,ZTF18accbppp,354.300240860002,16.034318500006137,,,SN Ia,0.0649
182,ZTF18accbwow,5.522227594445081,7.064042833333573,,,SN II,0.029
183,ZTF18acchzkf,14.09007882142939,-2.503788564286708,,,SN Ia,0.06
184,ZTF18accjqzu,44.20586389286044,13.463785692859489,,,SN Ia,0.072
185,ZTF18acckoil,37.98089743999903,3.126007546667978,,,SN Ia,0.029
186,ZTF18acclexy,35.15683433125223,25.60446970000676,,,SN Ia,0.08
187,ZTF18accmkud,106.95130092820514,36.47385833334036,,,SN II,0.04
188,ZTF18accndxn,196.12079782843284,79.05058287506141,,,SN Ia,0.032
189,ZTF18accpjkb,318.58362997499864,21.543579562502188,,,SN Ia,0.045
190,ZTF18accsawg,12.43904311001091,-10.157060790005843,,,SN Ia,0.1
191,ZTF18accwjiu,156.62894139302318,15.340855306978384,,,SN Ia,0.03282
192,ZTF18acdvvej,171.6675807900007,22.2842592400022,,,SN Ia,0.03
193,ZTF18acdwazf,186.8193066930972,35.80061162414771,,,SN Ia,0.03332
194,ZTF18acdwohd,319.04736913999733,11.946205290001243,,,SN Ia,0.036
195,ZTF18acdxlyu,3.1360965400012883,23.72710024501164,,,SN II,0.04
196,ZTF18acdzzyf,31.79526872857539,-9.024645807146712,,,SN Ia,0.0405
197,ZTF18aceathd,33.92406181052496,-1.1197045947376267,,,SN Ia,0.0599
198,ZTF18aceexmi,115.86726677948168,15.55296584529654,,,SN Ia,0.1
199,ZTF18acefuhk,136.7936383245487,43.9207648684374,,,SN II,0.057
200,ZTF18acerdie,162.6695550809524,16.26030448095238,,,SN Ia,0.0846
201,ZTF18aceyjco,185.04417031667376,52.63168718333564,,,SN Ia,0.08329
202,ZTF18aceynvm,153.87564455790104,37.98334182105671,,,SN Ia,0.054
203,ZTF18acfwmqj,35.44359655554767,31.71408362965261,,,SN Ia,0.053
204,ZTF18acgvgiq,204.01581456900809,66.30122199049617,,,SN II,0.01026
205,ZTF18achaqmd,353.3374220928572,4.809596871428653,,,SN Ia,0.03
206,ZTF18achcpwu,106.81978892084014,64.06164141667588,,,SN Ic,0.0552
207,ZTF18achdidy,170.91092261176237,25.99773310000656,,,SLSN-I,0.163
208,ZTF18achtnvk,96.16868351578236,46.50387760000979,,,SN II,0.04
209,ZTF18acjxyak,281.14243976428145,33.721837392895374,,,SN Ia,0.0585
210,ZTF18acmxkzj,9.84177059333546,6.789023240001541,,,SN Ia,0.041
211,ZTF18acmyxfx,67.5784324374992,-5.70308690000293,,,SN Ia,0.06
212,ZTF18acmznfc,110.14765185642965,22.734553930781885,,,SN Ia,0.084
213,ZTF18acmzpbf,108.62792379644536,55.16737795538634,,,SN Ia,0.036
214,ZTF18acnbenl,169.9992308624897,61.98195798125696,,,SN Ia,0.065
215,ZTF18acnbeuu,142.42230484736234,49.21251682106786,,,SN Ia,0.102
216,ZTF18acnbgpw,204.45347765001185,41.36446074002222,,,SN Ia-91T-like,0.055
217,ZTF18acnbgrb,202.98373277999931,44.13936246001018,,,SN Ia,0.0335
218,ZTF18acnbpkq,197.67633129998197,12.676958888899192,,,SN Ia,0.03586
219,ZTF18acnmifq,101.9793340372142,67.91632134188916,,,SN IIb,0.073
220,ZTF18acnnevs,174.16827607142352,55.17013220758196,,,SLSN-II,0.191
221,ZTF18acpeesd,181.8469663615368,9.084217607697385,,,SN Ia,0.09
222,ZTF18acppxgo,174.52931545500036,1.906989555000436,,,SN Ia,0.076
223,ZTF18acpuxuh,63.47928131999959,-6.276730080002537,,,SN Ia,0.099
224,ZTF18acqphpd,193.51709719999516,13.54664095238384,,,SN Ic,0.037
225,ZTF18acqpobb,206.4910102999972,28.795887047630536,,,SN Ia-91T-like,0.035
226,ZTF18acqppuj,205.45916553750317,30.56651578750821,,,SN II,0.04
227,ZTF18acqpqph,204.8337244428595,34.6888074785772,,,SN Ia,0.023118
228,ZTF18acqqyah,171.83843531539773,59.63008106733108,,,SN Ia,0.01706
229,ZTF18acqsfxh,142.34137729997872,54.00778216899175,,,SN Ia,0.04184
230,ZTF18acqsqrg,190.6724936890245,13.26523146097722,,,SN IIP,0.0036
231,ZTF18acqsroy,197.21704134999916,9.462620214286645,,,SN II,0.0334
232,ZTF18acqxcga,105.72763823047995,33.83752313659021,,,SN Ia,0.03
233,ZTF18acqxwgl,122.59986259998776,52.21991896154323,,,SN Ia-pec,0.06
234,ZTF18acqyvag,143.37316043333337,0.0523254333333369,,,SLSN-I,0.35
235,ZTF18acrcizr,20.82895472856048,22.19747602857798,,,SN Ia,0.045
236,ZTF18acrcogn,40.67198996363636,-0.0089024499999936,,,SN II,0.00379
237,ZTF18acrcyqw,110.8110044666424,56.52510176252328,,,SN IIb,0.04
238,ZTF18acrdlrp,157.4681609500015,20.669367228335037,,,SN Ia,0.01918
239,ZTF18acrdmmw,171.8636267260875,33.617329847830824,,,SN Ia,0.05
240,ZTF18acrdwag,206.0920572999966,14.325743390004405,,,SN Ia,0.04045
241,ZTF18acrflch,46.74947908889084,-6.753917677779285,,,SN II,0.0286
242,ZTF18acrgunw,138.20213875713043,36.22807874286556,,,SN Ia,0.09
243,ZTF18acrknyn,71.3793198181425,73.9165423879551,,,SN Ia,0.07
244,ZTF18acrlmvt,67.93974914304128,79.45050244293022,,,SN Ia,0.092
245,ZTF18acrncou,143.74396269046562,32.09206324286176,,,SN Ia,0.08
246,ZTF18acrnfww,181.07132827221596,38.99897776112271,,,SN Ia,0.07
247,ZTF18acrtvmm,49.48445722142857,-0.1696720535714604,,,SN II,0.02345
248,ZTF18acrtykk,49.973922177772565,20.50960871111502,,,SN Ia,0.061
249,ZTF18acrvakb,77.01607958750033,-3.54945436875299,,,SN Ia,0.079
250,ZTF18acrwheu,50.07804394799998,-0.2963548520000927,,,SN II,0.034
251,ZTF18acrxppd,156.51410881665743,64.83666827223975,,,SN Ia,0.03781
252,ZTF18acrxpxd,167.4202074624992,59.403043512504766,,,SN Ia,0.09
253,ZTF18acrxpzx,167.7666168153547,64.24736537695476,,,SN II,0.036
254,ZTF18acsjrbc,96.15736128335718,50.97498975002271,,,SN Ic,0.036939
255,ZTF18acslbve,24.06062755999928,16.701373226668522,,,SN Ia,0.05
256,ZTF18acslpba,41.03422581999903,-9.451664733334027,,,SN Ia,0.03013
257,ZTF18acsouxk,147.83729395714604,22.775129600004945,,,SN Ia,0.079
258,ZTF18acsxpmp,10.178916408341909,30.04610014168115,,,SN Ia,0.076
259,ZTF18acsxvrp,15.765206082354082,27.470585676474396,,,SN Ia,0.06
260,ZTF18acsxwdi,17.38132203477845,29.33132641304569,,,SLSN-II,0.1193
261,ZTF18acsyanq,20.962225637495116,10.858995793756506,,,SN Ia,0.06
262,ZTF18acsyzca,51.50892610500381,-17.562938440002952,,,SN Ia,0.01458
263,ZTF18acszaiy,37.31121030454543,-5.603291900000357,,,SN II,0.03
264,ZTF18actacux,72.35621132000286,-13.616626300002508,,,SN Ia,0.09
265,ZTF18acuefvt,150.64473582631777,25.02802561053652,,,SN Ia,0.07557
266,ZTF18acuixmb,34.81481160000271,16.761042242858963,,,SN Ia,0.057
267,ZTF18acuqskr,122.39037751176316,15.519596805883708,,,SN II,0.0446
268,ZTF18acurfxn,180.35926314444683,61.17532847778759,,,SN Ia,0.10805
269,ZTF18acuring,150.3917733374991,-1.4060512937505931,,,SN II,0.037
270,ZTF18acurlbj,177.6781888600004,24.689757633334565,,,SN Ia,0.05
271,ZTF18acurlbt,191.7094257454543,22.796451190913917,,,SN Ia,0.08
272,ZTF18acusbdy,108.56208842499647,37.46393495000445,,,SN Ia,0.07
273,ZTF18acusbyf,102.83521228571271,45.64460380476445,,,SN Ia,0.02
274,ZTF18acuscgc,111.12741053994694,49.965853573357805,,,SN Ia,0.07
275,ZTF18acuscrr,123.13017258001358,38.41672384001407,,,SN Ia,0.07
276,ZTF18acusegd,120.029802784956,58.70975400138772,,,SN Ia,0.019213
277,ZTF18acusnoa,157.2809062765605,2.1825859104944385,,,SN Ia,0.089
278,ZTF18acusrws,182.01399069677328,39.24508787099963,,,SN Ia,0.032
279,ZTF18acusyqo,210.148915310638,-7.735126425534062,,,SN Ia,0.076
280,ZTF18acutfne,207.4072448833332,-6.106180725000371,,,SN Ia,0.035
281,ZTF18acvguyi,190.26429451944443,8.072717475001298,,,SN Ia,0.045
282,ZTF18acvgyst,158.19865257727275,-0.2042280227273352,,,SN II,0.034
283,ZTF18acvilwk,240.6769923892857,15.23645769285714,,,SN II,0.0154
284,ZTF18acvvppd,145.37880129886335,-11.199510006818542,,,SN IIn,0.05
285,ZTF18acvwbos,214.11470590187832,65.5251561924832,,,SN Ia,0.03
286,ZTF18acvwchp,211.38455927144173,55.31018066194073,,,SN Ia,0.0514
287,ZTF18acvwdkk,192.9048286482799,12.573350144830968,,,SN II,0.023
288,ZTF18acvweal,192.1619121583337,5.689411375000361,,,SN Ia,0.08
289,ZTF18acvwhaz,126.4005948538442,12.19816532308066,,,SN Ia,0.107
290,ZTF18acvwmpw,177.36699373030405,29.175053778791607,,,SN Ia,0.08
291,ZTF18acwwmry,145.8652677714258,-5.390617092861461,,,SN II,0.04
292,ZTF18acwwonp,202.380194888227,61.4365652205988,,,SN Ia,0.03128
293,ZTF18acwwowy,180.57777891999328,59.25673042000992,,,SN Ia,0.055168
294,ZTF18acwyowc,206.9527854210535,35.058798800004176,,,SN Ia,0.076
295,ZTF18acwyqeg,206.5803549846166,14.181100353846816,,,SN Ia,0.0599
296,ZTF18acwyvet,248.0156936821428,39.60831601428572,,,SN IIL,0.0281
297,ZTF18acxgoki,350.6748456899929,21.01196361000258,,,SN Ic-BL,0.04
298,ZTF18acxhvkv,72.72765839999666,-17.986628550002663,,,SN Ia,0.032
299,ZTF18acxijqw,13.615110315385976,24.62888187693049,,,SN Ia,0.08
300,ZTF18acxwsvb,130.7783680857144,-3.966463114287066,,,SN II,0.058
301,ZTF18acxyarg,120.11005031578505,42.8214672736956,,,SN Ia,0.04205
302,ZTF18acyarki,224.2888319055809,52.34761713059788,,,SN Ia,0.02586
303,ZTF18acyawjf,162.94215919090777,-6.885815763638206,,,SN Ia,0.07
304,ZTF18acybdar,176.08341362681688,34.51471727074053,,,SN Ia,0.0713
305,ZTF18acyctqi,210.3839794636359,31.15275394546085,,,SN Ia,0.076
306,ZTF18acynmcp,7.288483399999998,-0.1053731888889046,,,SN Ia,0.0686
307,ZTF18acyxnyw,186.9843261173727,56.39319965654324,,,SLSN-I,0.108
308,ZTF18acyybvg,173.64104781765198,22.519219933832503,,,SN IIP,0.032
309,ZTF18acyyiea,220.9246302579747,-17.93077675943381,,,CV,
310,ZTF18aczdetm,194.1958919107734,79.92594883405215,,,SN Ia,0.029
311,ZTF18aczdtgn,143.9153144083333,-5.251837975000285,,,SN Ia-91T-like,0.0685
312,ZTF18aczeesl,220.3871733982201,48.20398799465145,,,SN Ia,0.018
313,ZTF18aczemzj,219.38938307500032,8.078883262500597,,,SN Ia,0.05
314,ZTF18aczenvx,163.73052038461094,27.802431584621225,,,SN Ia,0.1181
315,ZTF18aczqtpt,53.25893182307906,25.599534500004975,,,SN Ia,0.069
316,ZTF18aczqzrj,128.81751645293556,48.31756318237976,,,SN Ic,0.0429
317,ZTF18aczrafz,101.5994326067028,43.824407193342125,,,SN Ia,0.021
318,ZTF18aczuooo,195.27067827586592,26.351051306905703,,,SN IIn,0.094
319,ZTF18aczzrkn,327.1207370444478,28.213266222224355,,,SN Ia,0.042
320,ZTF18adaadmh,18.783224666666936,1.5014794500004598,,,SN Ia,0.047
321,ZTF18adachwf,228.28400256498588,41.26368985500751,,,SN II,0.02905
322,ZTF18adacicy,238.7717287299973,66.7847765602051,,,SN II,0.03
323,ZTF18adacoaj,137.3155171666764,13.385440933346146,,,SN Ia,0.102
324,ZTF18adaifep,85.3073328210517,-13.224205442110772,,,SN Ia,0.031
325,ZTF18adalarn,164.9676103809541,19.794929961906742,,,SN Ia-pec,0.027
326,ZTF18adalgmc,224.1280748933333,23.83379119333334,,,SN Ia,0.036
327,ZTF18adaruzw,66.11838169999804,10.89186062000222,,,SN Ia,0.035374
328,ZTF18adasisj,72.61667244166055,8.797754012503916,,,SN Ic,0.034
329,ZTF18adathpb,41.731348805551,39.60093835002005,,,SN Ia,0.031182
330,ZTF18adaylyq,127.3463301642956,26.51619660000842,,,SN Ia,0.06
331,ZTF18adazblo,137.38538762499277,20.40696961071994,,,SN II,0.02672
332,ZTF18adazbol,135.65182911538815,11.486018553850798,,,SN Ia,0.105
333,ZTF18adazgdh,146.37718004838555,15.35164040000403,,,SN Ia,0.0767
334,ZTF18adbacau,204.6641620069129,55.45188942760924,,,SN II,0.037033
335,ZTF18adbadfz,233.1259696384616,25.486537438461536,,,SN II,0.03374
336,ZTF18adbadqp,213.174483275,18.7259982125,,,SN Ia,0.08
337,ZTF18adbckhw,46.5120785333368,-15.611596766676428,,,SN Ia,0.008673
338,ZTF18adbckox,53.59246017058816,-1.5900092882353931,,,SN Ia,0.05
339,ZTF18adbclkd,55.179430547058296,-6.42332725294203,,,SN II,0.01749
340,ZTF18adbhrjs,166.44682320714284,2.432077650000153,,,SN Ia,0.078
341,ZTF18adbmrug,61.26376490416454,25.261919229167987,,,SN IIn,0.02396
342,ZTF18adbntwo,53.57554262500004,1.0820708000001673,,,SN Ia,0.04774
343,ZTF18adbyxua,177.7420549999997,10.393190604351446,,,SN Ia,0.107
344,ZTF18adcbyiw,24.925360744440667,31.15577362222705,,,SN Ia,0.08
345,ZTF19aaabvzh,97.48691574929155,-26.975541653383004,,,Other,0.072
346,ZTF19aaafgbt,197.00693459999897,42.013702100032624,,,SN Ia,0.121
347,ZTF19aaaojkv,136.23800491304377,-15.657873086957563,,,CV,
348,ZTF19aabvfwn,129.06168713000258,-5.350564430002493,,,SN Ia,0.041382
349,ZTF19aabyheu,156.8226391586937,26.53310360217631,,,SN Ia,0.021
350,ZTF19aabyppp,175.69060144318365,21.71482547954857,,,SN Ia,0.037
351,ZTF19aabyuze,179.89171591249433,57.328787295855946,,,SN Ia,0.043
352,ZTF19aacgslb,157.34158187571882,29.51064054714632,,,SN Ia,0.00452
353,ZTF19aacilht,184.7287315666655,5.24913844444491,,,SN Ia,0.076
354,ZTF19aackqmg,254.6745584372785,-3.2379909842734804,,,AGN,0.118
355,ZTF19aacxrab,150.9448735809524,6.773441738095238,,,SLSN-I,0.12
356,ZTF19aadaszg,345.7300625647059,8.402816129411764,,,SN Ia,0.0215
357,ZTF19aadgimr,224.7943939298968,43.81990051753037,,,SN IIn,0.035
358,ZTF19aadnmgf,144.86773978888863,22.16206516667137,,,SN Ia,0.08
359,ZTF19aadnxat,210.5829380895833,59.42009348125,,,SN Ia,0.03208
360,ZTF19aadnxbh,180.6525099181818,41.0616431,,,SN Ibn,0.020454
361,ZTF19aadnxcw,178.80089751499997,49.444133635,,,SN Ia,0.05426
362,ZTF19aadnxnl,203.8111850588785,44.76628386635514,,,SN IIP,0.0088
363,ZTF19aadyioa,236.78395018332856,33.21411980834059,,,SN Ia,0.053468
364,ZTF19aafncsv,249.189990125,18.68748289375,,,SN Ia,0.037
365,ZTF19aamaeve,241.5987492714286,27.39160772142857,,,SN Ia,0.072
366,ZTF19aanfzox,160.1607505923077,12.219505792307691,,,SN Ia,0.095
367,ZTF19aapafqd,239.9441689508475,37.033709527118646,,,SN II,0.0321
368,ZTF19aapfnym,203.1667436194861,-20.605395411696502,,,SN II,0.034
369,ZTF19aapszzy,223.1254051178572,37.06210023214286,,,SN Ia,0.07
370,ZTF19aarphwc,270.1247858402439,50.29536200365854,,,SLSN-I,0.3057
371,ZTF19aasmkhn,259.51221322666674,14.755238033333333,,,SN Ia,0.1
372,ZTF19aatesac,187.1905248454381,27.09763727273464,,,SN Ia,0.115
373,ZTF19aatgopg,173.05727371666663,7.113893433333335,,,SN Ia,0.0732
374,ZTF19aatgrpm,175.3844348266671,22.56733925000316,,,SN Ia,0.08033
375,ZTF19aatgrxv,172.42750904117648,24.640207011764705,,,SN Ia,0.04
376,ZTF19aatgsdl,175.38345377500002,29.983378829166668,,,SN Ia,0.08
377,ZTF19aatgxjy,244.3780338787234,50.716277372340414,,,SN II,0.04
378,ZTF19aathcvn,256.38195183684206,12.568401984210528,,,SN Ia,0.04
379,ZTF19aawnqoj,233.214650684,6.294628484000001,,,SN Ia,0.07
380,ZTF19aayogzn,206.03747312916667,42.66909589166666,,,SN Ia,0.06965
381,ZTF19aazgdvh,230.8429127411765,28.612538088235297,,,SN Ia,0.0822
382,ZTF19abasxmh,326.59700000400017,29.882678828000422,,,Varstar,
383,ZTF19abgcnqu,305.7898529,10.300283836056051,,,CV,
384,ZTF19abidbqp,26.54636725901929,-16.284589149186047,,,SN II,0.040164
385,ZTF19abjacdu,13.743846034483898,44.09013093174404,,,SN IIn,0.084
386,ZTF19ablekwo,3.839005341617397,46.735968445883046,,,SN Ia,0.09
387,ZTF19abmzord,335.7694558333333,-3.0153829583333334,,,SN Ia,0.06
388,ZTF19abpvbzf,308.2169796046302,-12.850095378705916,,,SLSN-II,0.057
389,ZTF19abylxyt,63.40375636923076,26.57893954615385,,,SN Ia,0.0533
390,ZTF19acapech,55.34038522328125,22.82244919577171,,,SN IIn,0.075
391,ZTF19aceqlxc,117.41966298897049,5.074202929412479,,,SN IIn,0.06
392,ZTF19acspfcb,167.79505059230772,33.499501438461536,,,SN Ia,0.0714
393,ZTF20aaaweke,148.25770497296173,20.234304809449668,,,SN IIn,0.11
394,ZTF20aabqkxs,191.28389102599985,-0.4591220920000864,,,SN Ib,0.005
395,ZTF20aadtarr,141.58283757121004,-7.475044209096211,,,SN IIn,0.077
396,ZTF20aahapsq,89.76447312307693,-21.01879617692308,,,SN Ia,0.056
397,ZTF20aahbamv,132.41949513562307,30.187360278131656,,,SN II,0.0452
398,ZTF20aakdajy,269.46126612363634,33.79673406909091,,,SN IIn,0.099
399,ZTF20aasjzhg,44.58325041286968,40.92316058812545,,,SN II,0.0206
400,ZTF20aaxlnle,246.62418080767992,17.320646746159497,,,SN Ia,0.09
401,ZTF20abawhtd,213.9697651124989,5.44322996428798,,,SLSN-II,0.123
402,ZTF20abgxlut,257.7652340079996,6.736335733001937,,,AGN,0.257
403,ZTF20abjfufv,334.25340999574445,30.655831868088804,,,SN Ia,0.03
404,ZTF20abjuxoy,292.04067910878774,52.89398991978653,,,SN II,0.02652
405,ZTF20ablqacl,1.26041611148502,-7.100828683044824,,,SN II,0.012699
406,ZTF20abobpcb,286.95651419084794,62.96375183354851,,,SLSN-I,0.159
407,ZTF20abpuijn,311.2117811645186,-7.082684322584612,,,SN Ia,0.06624
408,ZTF20abpuwxl,10.000775876714703,-14.590314495893423,,,SLSN-I,0.27
409,ZTF20abrcsdn,109.50288969200456,39.83684450534084,,,SN II,0.015
410,ZTF20abtcijp,258.9904281529341,66.69089579413138,,,SN Ia,0.07
411,ZTF20abucvpo,16.62119837058948,18.331507142161684,,,SN Ia,0.03
412,ZTF20abvtozi,51.62367038363425,33.748570450311654,,,SN Ia,0.045
413,ZTF20abwdaeo,316.6514036500008,17.993018013462304,,,SN II,0.020608
414,ZTF20abwkqxd,311.29984666609425,69.40885556611546,,,SN Ia,0.05
415,ZTF20abxjefm,320.90126372758624,13.817508172413794,,,SN Ia,0.079
416,ZTF20abxmwwd,19.341498140701777,44.19486381508663,,,SN IIP,0.03
417,ZTF20abykfsr,60.99763265454713,28.61983641363905,,,SN II,0.03
418,ZTF20abyppuk,321.5916367854178,26.520563672919224,,,SN Ia,0.08
419,ZTF20abyyvrw,138.53753316148004,40.07801205037576,,,SN Ia,0.008483
420,ZTF20abzjads,316.25746758507523,8.2738899805981,,,SN Ia,0.075
421,ZTF20abzjvse,1.733826140982741,45.09163309672528,,,SN Ia,0.08
422,ZTF20abzoaas,272.0803496600081,16.60399458750541,,,SN II,0.02723
423,ZTF20abzoeiw,280.0375294294098,34.11651887059351,,,SN Ic-BL,
424,ZTF20acbekkx,24.4932842036627,20.000831775618977,,,SN IIn,0.087
425,ZTF20accsfkt,28.999254204761957,-2.345375700000332,,,SN Ia,0.08
426,ZTF20acdafau,317.4522072200002,15.148588850910969,,,SN Ia,0.016
427,ZTF20acdqjeq,31.70559700467996,44.5875641327168,,,SN Iax[02cx-like],0.017222
428,ZTF20acebgre,242.55014427058825,54.40540628235295,,,SN Ia,0.07
429,ZTF20acectxy,278.9264873848583,48.90105120001432,,,SN II,0.053
430,ZTF20acedqis,322.6526994511632,24.673749509304614,,,SN II,0.05
431,ZTF20aceqspy,4.940954437495852,5.138498800003362,,,SLSN-I,0.454
432,ZTF20aceyolc,44.10282073846565,38.187161725651954,,,SN II,0.0555
433,ZTF20acezpem,90.22409764761076,54.690620642865845,,,SN Ia,0.07
434,ZTF20acgbkji,98.95040019999918,55.71109015952904,,,SN Ia,0.04
435,ZTF20acggvnn,300.70849656470074,-14.24989138824175,,,SN II,0.04106
436,ZTF20acghajc,327.30282645909057,-19.85118495227401,,,Varstar,0.0
437,ZTF20acgided,326.8269845635178,32.095794691894376,,,SN II,0.017
438,ZTF20acgksph,276.62565393750003,29.921799025,,,SN IIP,0.071
439,ZTF20acgmflv,334.6358297533333,35.633287933333335,,,SN Ia-91T-like,0.116
440,ZTF20acgnzhj,75.04942617894905,6.054750155264159,,,SN Ia,0.06
441,ZTF20acgokbj,95.86265665,50.87698141428572,,,SN Ia,0.095
442,ZTF20acgyjbh,253.93566935344532,4.946794687228604,,,SN II,0.08
443,ZTF20acgyvgs,304.55318049999903,7.507760794445303,,,SN Ia,0.0633
444,ZTF20achjuyq,347.0398372176449,40.26588714709939,,,SN II,0.048
445,ZTF20achksbc,290.9817048562884,67.57008526252199,,,SN Ia,0.076
446,ZTF20achmgee,26.94651253823077,42.00450743529675,,,SN Ia,0.075
447,ZTF20achncvv,109.2742859481992,49.48795231608475,,,SLSN-II,0.1281
448,ZTF20achptde,313.5794306791678,9.158060979168624,,,SN Ia,0.0906
449,ZTF20achstwk,0.8189633347825305,2.2521512391311376,,,SN Ia,0.09
450,ZTF20achtzug,60.31730094507042,31.73419255211513,,,SN Ia,0.01787
451,ZTF20achvmoj,129.31689790000095,-5.923778955933074,,,SN Ia,0.040822
452,ZTF20achwpvs,310.73241141818244,5.852400913638874,,,SN Ia,0.08
453,ZTF20acifzof,318.35320714285785,17.674729910723855,,,SN II,0.019
454,ZTF20aciievv,18.28360033859911,28.677000321058387,,,SN Ia,0.007
455,ZTF20acikuon,43.20962395128211,-1.231038297436072,,,SN Ia,0.0237
456,ZTF20acikzzn,69.15187605333432,21.133039593337926,,,SN Ia,0.065
457,ZTF20acitbmh,105.15589514166788,35.047267570837235,,,SN Ia,0.07
458,ZTF20aciuakv,125.91556836041666,-0.1683211416666949,,,SN Ia,0.03496
459,ZTF20aciwrpn,328.18256015000395,33.65617788947744,,,SN II,0.045
460,ZTF20acjaayt,2.5375660048799995,9.493276390246676,,,SLSN-I,0.1659
461,ZTF20acjlkpe,288.9194516193503,55.66468961936685,,,SN Ia,0.07
462,ZTF20acjqksf,92.21724032272805,-26.41278437275119,,,SN IIP,0.048
463,ZTF20ackhoov,129.08292427575853,-11.018953212122526,,,SN II,0.014
464,ZTF20acknpig,30.74286544284824,45.02028225066015,,,SN II,0.024377
465,ZTF20aclflxd,105.86988272608266,36.41374444566976,,,SN Ia,0.08
466,ZTF20aclvvws,264.36968870000845,23.041032887501885,,,SN I,0.02
467,ZTF20aclwclm,272.9629080619116,14.982428223816513,,,SN Ia,0.007612
468,ZTF20aclwowi,330.0510102833341,-18.22658235417204,,,SN Ia,0.1
469,ZTF20acmgsfo,163.76667618039212,-1.5398983421571018,,,SLSN-II,0.27
470,ZTF20acntbmx,108.80134955715044,30.359973685718906,,,SN II,0.066
471,ZTF20acntqoh,87.77443670000612,61.31200332728746,,,SN Ia,0.06
472,ZTF20acnvprg,117.1965665818183,15.625534327283134,,,SN Ia,0.108
473,ZTF20acnvzga,274.75366829999984,29.192448934799245,,,SN Ia,0.06
474,ZTF20acohkja,318.8284951499986,-17.601546075002958,,,Other,
475,ZTF20acoplqe,312.0416351421053,-1.2111828210527875,,,SN II,0.056
476,ZTF20acopmey,335.6948337749993,-1.6245142900006613,,,SN Ia-91T-like,0.08
477,ZTF20acordmt,12.111658940001362,-3.7302353600018137,,,SN II,0.13
478,ZTF20acorjop,13.842688456675184,-10.096757796675249,,,SN II,0.058
479,ZTF20acoxtxr,282.7912576483882,39.94327983226182,,,SN Ia,0.053987
480,ZTF20acoyfpk,345.2494254587222,40.91060552699265,,,SN Ia,0.01
481,ZTF20acoyyly,353.57809204998506,43.37956539501676,,,SN Ia,0.047553
482,ZTF20acpeldz,69.78695183200617,23.5149226960078,,,SN Ia,0.036
483,ZTF20acpevli,167.48075489429652,79.00430823890987,,,SN II,0.039641
484,ZTF20acphcdv,129.1370269659556,31.142290242562797,,,SN Ia,0.088
485,ZTF20acphvzi,108.07866465714254,38.4395349642867,,,CV,0.0
486,ZTF20acpilio,203.84807775406344,28.959421940560738,,,SN Ia,0.05
487,ZTF20acpklpq,2.08083149614595,45.39257653461991,,,SN Ia,0.09
488,ZTF20acplhku,28.03795136451928,42.86984799355506,,,SN Ia,0.074
489,ZTF20acpujxl,77.03654610727179,10.383786190910044,,,SN Ia,0.04
490,ZTF20acpvbbh,93.32457137704944,-15.89207553278942,,,SN II,0.043
491,ZTF20acpwlvw,125.85254383600004,-4.244133816000598,,,SN,0.09
492,ZTF20acpwmui,124.63025771500088,-4.361665010000593,,,SN Ia,0.095
493,ZTF20acpyldh,142.00116899062564,14.12127065417036,,,SLSN-I,0.219
494,ZTF20acqfssi,94.16352290740778,-21.49980073333572,,,SN Ia-91T-like,0.059
495,ZTF20acqgklx,76.63369035322502,7.760106312906203,,,SN IIn,0.14
496,ZTF20acqvgav,184.82264203746345,46.37245507918052,,,SN Ia,0.1
497,ZTF20acrqeje,107.81363616451392,26.4368721548414,,,SN Ia,0.06
498,ZTF20acrufey,50.50596019459313,38.05484158379269,,,SN Ia,0.06
499,ZTF20acrxrfv,0.8141315419242743,30.675392577426507,,,SN Ia,0.086
500,ZTF20acszhad,76.31651744666756,-7.285437106667331,,,Varstar,
501,ZTF20actfoxr,72.97465350909289,13.09959089545977,,,SN Ia,0.06
502,ZTF20actiymd,124.4622977769224,-5.719356443590897,,,SN Ia,0.0394340008
503,ZTF20actqnhg,125.17484828695665,-1.4145680434784538,,,SN IIb,0.031
504,ZTF20actrwym,314.1441387727273,-0.1763663636364043,,,SN Ia,0.08
505,ZTF20actveqm,133.1262411000015,15.343757719233793,,,SN Ia,0.111
506,ZTF20acuowxj,194.25812769615135,9.519545573079968,,,SN Ia,0.065
507,ZTF20acurrzb,126.24828820499964,-4.8773334950008405,,,SN Ia,0.081
508,ZTF20acurtpj,97.7444586170588,54.72687429026115,,,SN Ia,0.041
509,ZTF20acusneh,161.877939878571,3.124535371429189,,,SN Ia,0.054
510,ZTF20acuzjqk,97.47171258799872,54.14022943200511,,,SN Ia,0.07
511,ZTF20acvcpau,51.253325776002754,11.93950271200464,,,SLSN-I,0.226
512,ZTF20acveyyv,226.0943222246244,51.082438570782166,,,SN IIn,0.193
513,ZTF20acwkvgj,108.37520009375046,23.625974056251763,,,SN Ia,0.06
514,ZTF20acwlsro,93.33173952273113,-26.7902561045608,,,SN II,0.074
515,ZTF20acwmpsj,122.9108167,-2.3295261185188423,,,SN Ia,0.0518
516,ZTF20acwujgz,83.24686931250048,-19.11738991750235,,,SN Ia,0.07
517,ZTF20acxiyyp,113.48446403461088,16.607280811546275,,,SN Ia,0.152
518,ZTF20acxqaof,84.82225935938239,63.641720863199126,,,SN Ia,0.0365
519,ZTF20acxtgek,227.9908968693336,-2.981913281337029,,,SN II,0.021595
520,ZTF20acxvvnf,77.58587522647143,6.338854602941908,,,SN Ia,0.05
521,ZTF20acypdlh,92.38572152271216,63.19428229547226,,,CV,
522,ZTF20acytfkf,75.637805816219,15.606730302704946,,,SN II,0.04
523,ZTF20adadffg,17.394605544438388,42.76152560741441,,,SN Ia,0.05
524,ZTF20adadlqv,49.25621677764506,36.88898454590103,,,SN II,0.019
525,ZTF21aaabucr,208.77724857929744,54.3048915207013,,,SN Ia,0.07
526,ZTF21aaadtpw,39.23923496285017,41.443600260004885,,,CV,
527,ZTF21aaampui,124.79035325517172,24.782476060693654,,,SN Ia,0.0155
528,ZTF21aaarmhs,43.39030734000047,-20.79863037000065,,,CV,0.0
529,ZTF21aaateuz,85.75596199999862,-11.349691055004556,,,SN Ia,0.083
530,ZTF21aabcyvd,80.63412918571404,5.671319242857706,,,SN Ia,0.028143
531,ZTF21aabjfbc,82.88132553461878,-20.52071277693136,,,SN II,
532,ZTF21aabygea,180.7253436333336,5.614764498765794,,,SN II,0.019
533,ZTF21aacvrzy,72.53539697199952,-3.2836883440017037,,,SN Ia,0.07
534,ZTF21aadtkki,3.879642861535847,46.96448370000385,,,SN Ia,0.045
535,ZTF21aaeoitd,167.1529007250048,30.761291803578523,,,TDE,0.126
536,ZTF21aaespww,83.47015479138516,64.62001976004214,,,SN Ia,0.05
537,ZTF21aaezixn,129.22237276666758,-5.917712488889492,,,SN Ia,0.04
538,ZTF21aagdezv,264.6168614421584,48.49638900005348,,,SLSN-I,0.303
539,ZTF21aagkhwf,86.19168656000248,-20.90497411667185,,,SN Ia,0.08
540,ZTF21aaglret,92.8195410590952,-23.55975868182651,,,SN Ia,0.063
541,ZTF21aaglrfh,93.13691810952598,-21.123344485728,,,SN Ia,0.07
542,ZTF21aaglxow,95.98371036667275,51.20560923057536,,,SN Ia,0.074
543,ZTF21aagmogi,62.79469817692314,-1.869034384615688,,,SN Ia,0.101
544,ZTF21aagocky,128.70379225909036,-6.455348243184531,,,SN Ia,0.07
545,ZTF21aagtpro,248.3725488619056,-6.380415109525984,,,SN Ic-BL,0.04
546,ZTF21aagtqpn,275.14513473772354,40.94341106038805,,,SN II,0.036
547,ZTF21aagtqug,250.8363219961589,61.594845434631566,,,SN Ia-91bg-like,0.019
548,ZTF21aahtmlu,64.17761275005583,73.7933141538627,,,SN Ia,0.07
549,ZTF21aaihala,247.56906414225307,-4.238422953521862,,,SN Ia,0.019
550,ZTF21aakyqkb,113.80247233333294,14.8509614272739,,,SN Ia,0.07
551,ZTF21aalekwo,131.33842194800124,-16.210844836004853,,,SN Ia,0.07
552,ZTF21aalezap,138.2937619812493,7.243793668751167,,,SN Ia-pec,0.1
553,ZTF21aalkodo,288.224363691618,50.40117969170414,,,SN Ia,0.054368
554,ZTF21aalofsw,246.08512543636377,2.355237527272891,,,SN Ia,0.06
555,ZTF21aamwyql,268.76306922222204,12.897229877778573,,,SN Ia,0.056
556,ZTF21aanehlz,258.0762974648643,13.42760315540636,,,CV,
557,ZTF21aanuxvd,149.23264513613776,45.95097335962068,,,SN IIn,0.19
558,ZTF21aanwbhk,178.46147619374943,-1.879193550000778,,,SN Ia,0.08
559,ZTF21aaoppzc,279.0952814909202,35.331535709099235,,,SN Ia,0.07
560,ZTF21aapdmnr,78.97986712222058,5.646289577779839,,,SN Ia,0.055612
561,ZTF21aapdulz,96.3912679045353,46.73679679092386,,,SN II,0.0434
562,ZTF21aapecxb,116.67876721333327,7.210738120000073,,,SN Ic-BL,0.05
563,ZTF21aappdnv,142.77606412353006,-19.51801356176722,,,SLSN-I,0.213
564,ZTF21aaprfqv,198.2565776733337,-19.512536882222943,,,SN Ia,0.0094
565,ZTF21aapxtqg,115.58842520370484,12.165796040741498,,,SN Ia,0.0451
566,ZTF21aaqecpl,257.5904513428528,-3.2309785785738256,,,SN Ia,0.029
567,ZTF21aaqmoof,256.14997769838817,14.080360946776054,,,SN II,0.038
568,ZTF21aaquyqa,325.1048021357112,28.714122030372465,,,SN IIb,0.029
569,ZTF21aaqzrat,270.77838393888953,49.14047098888919,,,Varstar,
570,ZTF21aarcobt,290.57014999525296,56.35006511075475,,,SN IIn,0.054
571,ZTF21aarigsr,227.84384879843552,26.79227481719033,,,SN Ia,0.059
572,ZTF21aascwrr,286.2489972384321,50.73401296927364,,,SN Ia,0.086
573,ZTF21aaskwgm,278.12225000244825,32.317493756100845,,,SN Ia,0.044
574,ZTF21aassamj,261.72372449411665,13.178847119609143,,,SN Ia,0.056
575,ZTF21aasuazz,174.4607436772724,-7.228355490911596,,,SN Ia,0.055735
576,ZTF21aateglh,227.91194323666795,15.34757800000203,,,SN Ia,0.09
577,ZTF21aatsafx,271.873448805395,24.95692943785313,,,SN Ia,0.059
578,ZTF21aatwkkg,159.80700848749646,-26.640932172923318,,,SN IIn,0.113
579,ZTF21aauapli,262.81553352089566,5.439545828186652,,,SN Ia-91T-like,0.02
580,ZTF21aaunadg,278.92713999207587,51.12218162616353,,,SN Ia,0.02
581,ZTF21aauuybx,219.87772938332049,-27.85848815001073,,,TDE,0.153
582,ZTF21aauzzny,301.40538644375,0.1646261500000179,,,SN Ia,0.072
583,ZTF21aavhnpk,312.5893317182795,1.1415478268827002,,,SN II,0.0285
584,ZTF21aavoqpl,145.31854783970925,35.88404424706537,,,SN II,0.023393
585,ZTF21aavqwhh,277.5210760285738,35.43408406667871,,,SN Ia,0.07
586,ZTF21aavutkm,304.278905997533,-12.094601926846847,,,SN Ia,0.019
587,ZTF21aawgzda,237.01592533767555,82.57612436307257,,,SN II,0.0383
588,ZTF21aawlcwh,307.42827392904525,70.81683418917203,,,SN Ib/c,0.015
589,ZTF21aaxbgul,304.5259528615388,-2.1804268269249434,,,SN Ia,0.1
590,ZTF21aaxjvyl,137.65816797073848,68.29945817563673,,,SN II,0.04
591,ZTF21aaxlbad,285.66194223856814,54.48562249002556,,,SN Ia,0.09
592,ZTF21aaxsofj,205.0245440678509,29.447685835720137,,,SN Ia,0.12
593,ZTF21aaxwpyv,303.5775817344337,-18.182369482142235,,,SLSN-I,0.115
594,ZTF21aaxzdxd,302.4925755100001,1.219354943333613,,,SN Ia,0.08
595,ZTF21aaxzkfe,307.10116562800044,2.0190270760005404,,,SN Ia,0.08
596,ZTF21aayggyo,251.4840309800001,2.459076593333677,,,SN Ia,0.09
597,ZTF21aaygkfw,331.42593694346624,34.68034081305189,,,SN Ia,0.09
598,ZTF21aaygmrl,274.9562925756485,56.16700368904701,,,SN IIn,0.025
599,ZTF21aaylweu,247.496455742861,-18.34850827857456,,,SN Ia,0.052
600,ZTF21aazcune,241.004633921429,-14.433949392860654,,,SN Ia,0.09
601,ZTF21abaaipx,317.3179865615382,5.826158326923633,,,SN Ia,0.073
602,ZTF21abahiow,262.14786860647104,21.739466720602763,,,SN Ib,0.03
603,ZTF21abaphri,285.4107600962927,60.84997603704401,,,SN Ia,0.06
604,ZTF21abbodsc,175.45136522221463,-24.525675977793934,,,SN Ia-91T-like,0.1
605,ZTF21abbxhhx,229.74708184999977,-3.195874636209893,,,TDE,0.183
606,ZTF21abcahhq,287.28930016250195,63.26630985000901,,,SN Ia,0.138
607,ZTF21abczuub,315.94483384782586,-0.9601174739134422,,,SN Ia,0.13
608,ZTF21abdahjc,336.388339601289,-8.66118618524402,,,SN Ia,0.07
609,ZTF21abdgprl,250.58990645556992,57.068398316686526,,,SN Ia,0.167
610,ZTF21abdonkp,297.1488677687485,-12.81823203125407,,,SN Ia,0.07
611,ZTF21abdveqn,302.9080322138915,5.186602767296705,,,SN Ia,0.023653
612,ZTF21abehrtt,267.0028034839916,18.798992156019963,,,SN Ia,0.09
613,ZTF21abezono,359.18660069924755,79.27286207960951,,,SN II,0.034
614,ZTF21abfflmp,324.7445396654301,22.67260047192725,,,SN Ia-91T-like,0.107
615,ZTF21abflnze,306.3505457714298,-22.71974608571536,,,SN Ia,0.059
616,ZTF21abfoxwp,241.0273432169789,-21.465926084114187,,,SN Ia,0.068
617,ZTF21abfqvjb,301.1999633882355,-3.5410002000003544,,,SN Ia,0.046826
618,ZTF21abfqxtg,308.7186695454593,-19.58976911818381,,,SN IIb,0.031779
619,ZTF21abgjdtt,298.37969162322247,67.08518637411211,,,CV,
620,ZTF21abhtlrj,287.5996709790556,77.80710445545695,,,SN Ia,0.111
621,ZTF21abidrcn,259.4102186943519,15.316992562147192,,,SN IIb,0.058
622,ZTF21abienbe,317.71037161834585,5.071221738088781,,,SN Ia-91T-like,0.029
623,ZTF21abilrxd,279.2669521355167,33.820548342156485,,,SN Ia,0.017
624,ZTF21abistmz,240.34438704614968,-21.77220124802767,,,SN Ia,0.044
625,ZTF21abiyyob,301.20639604941164,-17.521769755287153,,,SN Ia,0.045
626,ZTF21abjgzhn,321.9552836845846,-8.082870873557695,,,SLSN-I,0.46
627,ZTF21abjhxqg,317.77196114792434,13.07871685123162,,,SN Ia,0.1
628,ZTF21abkiefj,238.66972663149488,-13.35151749081001,,,SN Ia-91T-like,0.08
629,ZTF21abkintm,245.9823827,2.965938531859493,,,SN Ia,0.074
630,ZTF21ablgmxs,218.0897980799927,23.748875093194343,,,SN Ia,0.1
631,ZTF21abljmmv,297.5055289869594,-20.16467352677529,,,SN Ia,0.05
632,ZTF21ablwcjh,347.6780378417721,19.745393056281088,,,SN Ia,0.1
633,ZTF21ablwdur,27.83826684961724,25.021799257880247,,,SN Ia,0.047
634,ZTF21aboyiaf,265.2146109422656,14.014024656790385,,,CV,
635,ZTF21abpamxn,345.5854356415117,37.17578336996189,,,SN Ia,0.063
636,ZTF21abpkpuy,272.2778265003869,22.40205412003027,,,SN IIn,0.06
637,ZTF21abpmirq,40.433146399999984,-2.2472242777828484,,,SN Ia,0.14
638,ZTF21abqfttg,277.79187000710084,26.955006388821037,,,SN Ia,0.07
639,ZTF21abqjjge,0.8955416244422262,-21.310190906776583,,,SN II,0.054
640,ZTF21abqvyyz,35.7571541,-0.4193761998339198,,,SN Ia,0.102
641,ZTF21abrgdug,263.5254240537001,8.5128885044289,,,SN Ia,0.093
642,ZTF21abrskvb,308.945702,5.4590052285019794,,,SN Ia,0.083
643,ZTF21abrssvd,262.3903125382313,24.887368581592483,,,SN Ia,0.091
644,ZTF21abtavkd,353.74964812815875,10.62597271838851,,,SN Ia,0.12
645,ZTF21abtxxjk,81.18356411075428,64.91086001324372,,,SN Ia,0.055
646,ZTF21abuguyw,318.97248899042893,10.690011977461497,,,SN II,0.0718
647,ZTF21abuuzrk,259.40677560088227,15.5998353774997,,,SN Ia,0.0523
648,ZTF21abuytrt,305.1315538307563,-8.250962209695473,,,CV,0.0
649,ZTF21abuyyxi,292.4826414166389,-23.92132147595197,,,SN Ia,0.05
650,ZTF21abvbhul,276.0237486297384,30.23662833539261,,,SN Ia,0.063
651,ZTF21abvcuhk,35.98521465,-6.701042251282061,,,SN Ib/c,0.0319
652,ZTF21abvyxfs,283.84471912168334,50.42142888426979,,,SN Ia,0.099
653,ZTF21abwprfg,267.0941588939145,33.68965742140895,,,SN Ia,0.083
654,ZTF21acaeoms,104.74539297034252,35.42518412613611,,,SN Ia,0.039
655,ZTF21acbcjwa,49.41564383103557,35.39552108238621,,,SN Ia,0.061
656,ZTF21acdbcxy,331.84978960769035,34.77510664581072,,,SN II,0.059
657,ZTF21acdkydg,270.93157570602267,28.85385092367129,,,SN Ia,0.06
658,ZTF21aciustc,307.92899259000865,-12.265150203890244,,,SN Ib,0.02
659,ZTF21acjdwfe,345.4679222145148,36.82734664021082,,,SN Ia,0.107
