ztf_object_id,obs_num,mjd_cutoff,feature_amplitude_magn_g,feature_anderson_darling_normal_magn_g,feature_beyond_1_std_magn_g,feature_beyond_2_std_magn_g,feature_cusum_magn_g,feature_eta_e_magn_g,feature_inter_percentile_range_2_magn_g,feature_inter_percentile_range_10_magn_g,feature_inter_percentile_range_25_magn_g,feature_kurtosis_magn_g,feature_linear_fit_slope_magn_g,feature_linear_fit_slope_sigma_magn_g,feature_linear_fit_reduced_chi2_magn_g,feature_linear_trend_magn_g,feature_linear_trend_sigma_magn_g,feature_linear_trend_noise_magn_g,feature_magnitude_percentage_ratio_40_5_magn_g,feature_magnitude_percentage_ratio_20_5_magn_g,feature_maximum_slope_magn_g,feature_mean_magn_g,feature_median_absolute_deviation_magn_g,feature_percent_amplitude_magn_g,feature_percent_difference_magnitude_percentile_5_magn_g,feature_percent_difference_magnitude_percentile_10_magn_g,feature_median_buffer_range_percentage_10_magn_g,feature_median_buffer_range_percentage_20_magn_g,feature_period_0_magn_g,feature_period_s_to_n_0_magn_g,feature_period_1_magn_g,feature_period_s_to_n_1_magn_g,feature_period_2_magn_g,feature_period_s_to_n_2_magn_g,feature_period_3_magn_g,feature_period_s_to_n_3_magn_g,feature_period_4_magn_g,feature_period_s_to_n_4_magn_g,feature_periodogram_amplitude_magn_g,feature_periodogram_beyond_2_std_magn_g,feature_periodogram_beyond_3_std_magn_g,feature_periodogram_standard_deviation_magn_g,feature_chi2_magn_g,feature_skew_magn_g,feature_standard_deviation_magn_g,feature_stetson_k_magn_g,feature_weighted_mean_magn_g,feature_anderson_darling_normal_flux_g,feature_cusum_flux_g,feature_eta_e_flux_g,feature_excess_variance_flux_g,feature_kurtosis_flux_g,feature_mean_variance_flux_g,feature_chi2_flux_g,feature_skew_flux_g,feature_stetson_k_flux_g,feature_amplitude_magn_r,feature_anderson_darling_normal_magn_r,feature_beyond_1_std_magn_r,feature_beyond_2_std_magn_r,feature_cusum_magn_r,feature_eta_e_magn_r,feature_inter_percentile_range_2_magn_r,feature_inter_percentile_range_10_magn_r,feature_inter_percentile_range_25_magn_r,feature_kurtosis_magn_r,feature_linear_fit_slope_magn_r,feature_linear_fit_slope_sigma_magn_r,feature_linear_fit_reduced_chi2_magn_r,feature_linear_trend_magn_r,feature_linear_trend_sigma_magn_r,feature_linear_trend_noise_magn_r,feature_magnitude_percentage_ratio_40_5_magn_r,feature_magnitude_percentage_ratio_20_5_magn_r,feature_maximum_slope_magn_r,feature_mean_magn_r,feature_median_absolute_deviation_magn_r,feature_percent_amplitude_magn_r,feature_percent_difference_magnitude_percentile_5_magn_r,feature_percent_difference_magnitude_percentile_10_magn_r,feature_median_buffer_range_percentage_10_magn_r,feature_median_buffer_range_percentage_20_magn_r,feature_period_0_magn_r,feature_period_s_to_n_0_magn_r,feature_period_1_magn_r,feature_period_s_to_n_1_magn_r,feature_period_2_magn_r,feature_period_s_to_n_2_magn_r,feature_period_3_magn_r,feature_period_s_to_n_3_magn_r,feature_period_4_magn_r,feature_period_s_to_n_4_magn_r,feature_periodogram_amplitude_magn_r,feature_periodogram_beyond_2_std_magn_r,feature_periodogram_beyond_3_std_magn_r,feature_periodogram_standard_deviation_magn_r,feature_chi2_magn_r,feature_skew_magn_r,feature_standard_deviation_magn_r,feature_stetson_k_magn_r,feature_weighted_mean_magn_r,feature_anderson_darling_normal_flux_r,feature_cusum_flux_r,feature_eta_e_flux_r,feature_excess_variance_flux_r,feature_kurtosis_flux_r,feature_mean_variance_flux_r,feature_chi2_flux_r,feature_skew_flux_r,feature_stetson_k_flux_r,gmomentXX,gmomentXY,gmomentYY,gmomentR1,gmomentRH,gPSFFlux,gApFlux,gKronFlux,gKronRad,gExtNSigma,rmomentXX,rmomentXY,rmomentYY,rmomentR1,rmomentRH,rPSFFlux,rApFlux,rKronFlux,rKronRad,rExtNSigma,imomentXX,imomentXY,imomentYY,imomentR1,imomentRH,iPSFFlux,iApFlux,iKronFlux,iKronRad,iExtNSigma,zmomentXX,zmomentXY,zmomentYY,zmomentR1,zmomentRH,zPSFFlux,zApFlux,zKronFlux,zKronRad,zExtNSigma,ymomentXX,ymomentXY,ymomentYY,ymomentR1,ymomentRH,yPSFFlux,yApFlux,yKronFlux,yKronRad,yExtNSigma,i-z,gApMag_gKronMag,rApMag_rKronMag,iApMag_iKronMag,zApMag_zKronMag,yApMag_yKronMag,7DCD,dist/DLR,ILRT,SLSN-I,SLSN-II,SN,SNII,SNII-pec,SNIIP,SNIIb,SNIIn,SNIa-norm,SN Ia-91T-like,SNIa-91bg-like,SNIa-CSM,SNIa-Ca-rich,SNIa-pec,SN Iax[02cx-like],SNIb,SNIb-Ca-rich,SNIb/c,SNIbc,SNIbn,SNIc,SNIc-BL,SNIcn,TDE,NA,PHOT
2020tri,4,59077.226,0.42050000000000054,0.1466697963712819,0.25,0.0,0.42523994570156515,4.664483810128491,0.8410000000000011,0.8410000000000011,0.7070000000000007,-4.96964636088134,-0.26503752808469533,0.07891885112188578,0.4412731776614679,-0.2713299553405962,0.05010725281861029,0.1286355239809058,0.5450654470679568,0.9043995316331928,1.485714285669009,20.9905,0.34250000000000114,0.442499999999999,0.04008675135251083,0.04008675135251083,0.0,0.0,8.082666666673807,1.9509362764092297,4.490370370374337,1.8842632034222702,1.2246464646475466,0.9474063872380809,2.127017543861528,-0.055051357057410835,0.8785507246384573,-0.27620864781816823,0.7162431102032392,0.0,0.0,0.43371286405827914,4.053698502657627,0.05804980742070786,0.4156476873507174,0.9689635307241689,20.86144657820073,0.1479792365559447,0.42550444945361954,2.517372915249438,0.10507621288906495,-5.003280402601691,0.3688767539207023,4.400174975502898,0.05344937181770662,0.9760661505050827,,,,,,,,,,,,,,,,,,,,,,,,,,,,,,,,,,,,,,,,,,,,,,,,,,,,,,,0.2654660046100616,-0.0062795202247798,0.2603650093078613,1.4643900394439695,0.9860039949417114,4.1266699554398656e-05,5.9262500144541264e-05,5.963529838481918e-05,3.660979986190796,8.963979721069336,0.2139759957790374,-0.0125786997377872,0.2057839930057525,1.5006200075149536,0.9509080052375792,9.42207989282906e-05,0.0001327500067418,0.0001376849977532,3.7515599727630615,9.6393404006958,0.1705529987812042,-0.0095447702333331,0.1610849946737289,1.6751699447631836,0.910869002342224,0.0001320960000157,0.0001893269945867,0.0002085890009766,4.187930107116699,7.642819881439209,0.2198179960250854,-0.0090630901977419,0.2129520028829574,1.4970500469207764,0.946628987789154,0.0001836669980548,0.0002484679862391,0.0002515370142646,3.742630004882813,9.176859855651855,0.1706790030002594,-0.0101669998839497,0.16873599588871,1.2537100315093994,0.8839370012283325,0.000197080997168,0.000280868000118,0.0002727170067373,3.134269952774048,12.143099784851074,0.2952003479003906,0.0067996978759765625,0.03960037231444957,0.10519981384277344,0.013299942016601562,-0.03199958801269531,7.607756945321397,0.023460441326501724,0.0,0.0,0.0,0.0,0.0,0.0,0.0,0.0,0.0,0.0,0.0,0.0,0.0,0.0,0.0,0.0,0.0,0.0,0.0,0.0,0.0,0.0,0.0,0.0,0.0,1.0,0.0
2020tri,5,59077.27,0.572000000000001,0.21528952872434354,0.4,0.0,0.412703741770196,31.830904135995898,1.144000000000002,1.144000000000002,0.7997499999999995,-2.14183353156172,-0.3326527109782046,0.06024463841807894,0.8805897140918727,-0.3067032369399375,0.04766968904045945,0.14429931564619874,0.2993881118881124,0.799388111888114,6.8863636372382135,20.848000000000003,0.4150000000000027,0.7289999999999992,0.05528439568936364,0.05528439568936364,0.2,0.4,9.609374999990905,1.91259666562575,1.1647727272716248,0.9869814673785924,2.1354166666646455,0.6779205512680199,0.8541666666658582,0.5282626426009007,0.6743421052625197,-0.2070759878706146,0.9585125498717462,0.0,0.0,0.5545698869780269,8.282730015883491,0.203282896483032,0.4807322539626399,0.8570299362621974,20.53767584364134,0.19035303341849233,0.39243923402152325,63.78723017045376,0.15439729298848828,-1.2984010399478523,0.4190922531577252,10.915628302594026,0.2579727919468587,0.849582967148612,,,,,,,,,,,,,,,,,,,,,,,,,,,,,,,,,,,,,,,,,,,,,,,,,,,,,,,0.2654660046100616,-0.0062795202247798,0.2603650093078613,1.4643900394439695,0.9860039949417114,4.1266699554398656e-05,5.9262500144541264e-05,5.963529838481918e-05,3.660979986190796,8.963979721069336,0.2139759957790374,-0.0125786997377872,0.2057839930057525,1.5006200075149536,0.9509080052375792,9.42207989282906e-05,0.0001327500067418,0.0001376849977532,3.7515599727630615,9.6393404006958,0.1705529987812042,-0.0095447702333331,0.1610849946737289,1.6751699447631836,0.910869002342224,0.0001320960000157,0.0001893269945867,0.0002085890009766,4.187930107116699,7.642819881439209,0.2198179960250854,-0.0090630901977419,0.2129520028829574,1.4970500469207764,0.946628987789154,0.0001836669980548,0.0002484679862391,0.0002515370142646,3.742630004882813,9.176859855651855,0.1706790030002594,-0.0101669998839497,0.16873599588871,1.2537100315093994,0.8839370012283325,0.000197080997168,0.000280868000118,0.0002727170067373,3.134269952774048,12.143099784851074,0.2952003479003906,0.0067996978759765625,0.03960037231444957,0.10519981384277344,0.013299942016601562,-0.03199958801269531,7.607756945321397,0.023460441326501724,0.0,0.0,0.0,0.0,0.0,0.0,0.0,0.0,0.0,0.0,0.0,0.0,0.0,0.0,0.0,0.0,0.0,0.0,0.0,0.0,0.0,0.0,0.0,0.0,0.0,1.0,0.0
2020tri,6,59078.181,0.572000000000001,0.21528952872434354,0.4,0.0,0.412703741770196,31.830904135995898,1.144000000000002,1.144000000000002,0.7997499999999995,-2.14183353156172,-0.3326527109782046,0.06024463841807894,0.8805897140918727,-0.3067032369399375,0.04766968904045945,0.14429931564619874,0.2993881118881124,0.799388111888114,6.8863636372382135,20.848000000000003,0.4150000000000027,0.7289999999999992,0.05528439568936364,0.05528439568936364,0.2,0.4,9.609374999990905,1.91259666562575,1.1647727272716248,0.9869814673785924,2.1354166666646455,0.6779205512680199,0.8541666666658582,0.5282626426009007,0.6743421052625197,-0.2070759878706146,0.9585125498717462,0.0,0.0,0.5545698869780269,8.282730015883491,0.203282896483032,0.4807322539626399,0.8570299362621974,20.53767584364134,0.19035303341849233,0.39243923402152325,63.78723017045376,0.15439729298848828,-1.2984010399478523,0.4190922531577252,10.915628302594026,0.2579727919468587,0.849582967148612,,,,,,,,,,,,,,,,,,,,,,,,,,,,,,,,,,,,,,,,,,,,,,,,,,,,,,,0.2654660046100616,-0.0062795202247798,0.2603650093078613,1.4643900394439695,0.9860039949417114,4.1266699554398656e-05,5.9262500144541264e-05,5.963529838481918e-05,3.660979986190796,8.963979721069336,0.2139759957790374,-0.0125786997377872,0.2057839930057525,1.5006200075149536,0.9509080052375792,9.42207989282906e-05,0.0001327500067418,0.0001376849977532,3.7515599727630615,9.6393404006958,0.1705529987812042,-0.0095447702333331,0.1610849946737289,1.6751699447631836,0.910869002342224,0.0001320960000157,0.0001893269945867,0.0002085890009766,4.187930107116699,7.642819881439209,0.2198179960250854,-0.0090630901977419,0.2129520028829574,1.4970500469207764,0.946628987789154,0.0001836669980548,0.0002484679862391,0.0002515370142646,3.742630004882813,9.176859855651855,0.1706790030002594,-0.0101669998839497,0.16873599588871,1.2537100315093994,0.8839370012283325,0.000197080997168,0.000280868000118,0.0002727170067373,3.134269952774048,12.143099784851074,0.2952003479003906,0.0067996978759765625,0.03960037231444957,0.10519981384277344,0.013299942016601562,-0.03199958801269531,7.607756945321397,0.023460441326501724,0.0,0.0,0.0,0.0,0.0,0.0,0.0,0.0,0.0,0.0,0.0,0.0,0.0,0.0,0.0,0.0,0.0,0.0,0.0,0.0,0.0,0.0,0.0,0.0,0.0,1.0,0.0
2020tri,7,59078.195,0.572000000000001,0.35162173204944247,0.3333333333333333,0.0,0.404490501056609,27.423055595658994,1.144000000000002,1.1247999396324175,0.9519999999999982,-1.6744730020625322,-0.26444911747320465,0.047998824455867325,1.5377767492871441,-0.27967937341315974,0.03862607964818447,0.14350454833995904,0.17132872072133326,0.8825175070262419,6.8863636372382135,20.759,0.3410000000000011,0.7850000000000001,0.05543441391675156,0.054504043205524905,0.3333333333333333,0.3333333333333333,9.600000000000001,2.3119545553961434,1.1707317073170733,0.889237972388329,2.2857142857142856,0.7557121530871262,2.5263157894736845,0.5896247762524264,0.9056603773584907,0.16453626721249504,1.198697966834428,0.046875,0.0,0.6256893265713613,7.3011208115189365,0.579495384078224,0.4820879587793083,0.8877839495339219,20.477185176751984,0.2838888717115089,0.39178591086588677,52.4405371611066,0.13892517211799865,-1.841144415677693,0.3960859097649202,10.995565601741214,-0.22318155644776655,0.8403643421002294,,,,,,,,,,,,,,,,,,,,,,,,,,,,,,,,,,,,,,,,,,,,,,,,,,,,,,,0.2654660046100616,-0.0062795202247798,0.2603650093078613,1.4643900394439695,0.9860039949417114,4.1266699554398656e-05,5.9262500144541264e-05,5.963529838481918e-05,3.660979986190796,8.963979721069336,0.2139759957790374,-0.0125786997377872,0.2057839930057525,1.5006200075149536,0.9509080052375792,9.42207989282906e-05,0.0001327500067418,0.0001376849977532,3.7515599727630615,9.6393404006958,0.1705529987812042,-0.0095447702333331,0.1610849946737289,1.6751699447631836,0.910869002342224,0.0001320960000157,0.0001893269945867,0.0002085890009766,4.187930107116699,7.642819881439209,0.2198179960250854,-0.0090630901977419,0.2129520028829574,1.4970500469207764,0.946628987789154,0.0001836669980548,0.0002484679862391,0.0002515370142646,3.742630004882813,9.176859855651855,0.1706790030002594,-0.0101669998839497,0.16873599588871,1.2537100315093994,0.8839370012283325,0.000197080997168,0.000280868000118,0.0002727170067373,3.134269952774048,12.143099784851074,0.2952003479003906,0.0067996978759765625,0.03960037231444957,0.10519981384277344,0.013299942016601562,-0.03199958801269531,7.607756945321397,0.023460441326501724,0.0,0.0,0.0,0.0,0.0,0.0,0.0,0.0,0.0,0.0,0.0,0.0,0.0,0.0,0.0,0.0,0.0,0.0,0.0,0.0,0.0,0.0,0.0,0.0,0.0,1.0,0.0
2020tri,8,59079.163,0.6790000000000003,0.35120733287185074,0.42857142857142855,0.0,0.39074571362332816,21.688337328351487,1.3580000000000005,1.2839999579191215,0.8357500000000009,-1.1102796535800508,-0.23116168426560654,0.03389937934045743,1.4221387385757593,-0.2647578825606636,0.029343063293578976,0.1350519352782891,0.1953608577135568,0.7547864434645346,6.8863636372382135,20.659714285714283,0.3030000000000008,0.8410000000000011,0.06598318837762988,0.062387637039945654,0.14285714285714285,0.2857142857142857,11.592000000001764,3.027338992537723,1.1146153846155544,1.8820934332615586,0.905625000000138,1.6607188403922288,2.070000000000315,0.7926176288060613,1.8696774193551235,0.6936447727249512,1.429140135978426,0.0546875,0.0078125,0.6685888080686901,8.93503091272036,0.6187712358693095,0.5125208009716009,0.8533851757779607,20.356096457668876,0.23052060974256708,0.3940904671844792,34.59057460156633,0.15853429084658485,-1.1837683066408955,0.4162187458248858,13.805272545704318,-0.08211007575309423,0.8448381406462097,,,,,,,,,,,,,,,,,,,,,,,,,,,,,,,,,,,,,,,,,,,,,,,,,,,,,,,0.2654660046100616,-0.0062795202247798,0.2603650093078613,1.4643900394439695,0.9860039949417114,4.1266699554398656e-05,5.9262500144541264e-05,5.963529838481918e-05,3.660979986190796,8.963979721069336,0.2139759957790374,-0.0125786997377872,0.2057839930057525,1.5006200075149536,0.9509080052375792,9.42207989282906e-05,0.0001327500067418,0.0001376849977532,3.7515599727630615,9.6393404006958,0.1705529987812042,-0.0095447702333331,0.1610849946737289,1.6751699447631836,0.910869002342224,0.0001320960000157,0.0001893269945867,0.0002085890009766,4.187930107116699,7.642819881439209,0.2198179960250854,-0.0090630901977419,0.2129520028829574,1.4970500469207764,0.946628987789154,0.0001836669980548,0.0002484679862391,0.0002515370142646,3.742630004882813,9.176859855651855,0.1706790030002594,-0.0101669998839497,0.16873599588871,1.2537100315093994,0.8839370012283325,0.000197080997168,0.000280868000118,0.0002727170067373,3.134269952774048,12.143099784851074,0.2952003479003906,0.0067996978759765625,0.03960037231444957,0.10519981384277344,0.013299942016601562,-0.03199958801269531,7.607756945321397,0.023460441326501724,0.0,0.0,0.0,0.0,0.0,0.0,0.0,0.0,0.0,0.0,0.0,0.0,0.0,0.0,0.0,0.0,0.0,0.0,0.0,0.0,0.0,0.0,0.0,0.0,0.0,1.0,0.0
2020tri,9,59079.194,0.6790000000000003,0.35120733287185074,0.42857142857142855,0.0,0.39074571362332816,21.688337328351487,1.3580000000000005,1.2839999579191215,0.8357500000000009,-1.1102796535800508,-0.23116168426560654,0.03389937934045743,1.4221387385757593,-0.2647578825606636,0.029343063293578976,0.1350519352782891,0.1953608577135568,0.7547864434645346,6.8863636372382135,20.659714285714283,0.3030000000000008,0.8410000000000011,0.06598318837762988,0.062387637039945654,0.14285714285714285,0.2857142857142857,11.592000000001764,3.027338992537723,1.1146153846155544,1.8820934332615586,0.905625000000138,1.6607188403922288,2.070000000000315,0.7926176288060613,1.8696774193551235,0.6936447727249512,1.429140135978426,0.0546875,0.0078125,0.6685888080686901,8.93503091272036,0.6187712358693095,0.5125208009716009,0.8533851757779607,20.356096457668876,0.23052060974256708,0.3940904671844792,34.59057460156633,0.15853429084658485,-1.1837683066408955,0.4162187458248858,13.805272545704318,-0.08211007575309423,0.8448381406462097,,,,,,,,,,,,,,,,,,,,,,,,,,,,,,,,,,,,,,,,,,,,,,,,,,,,,,,0.2654660046100616,-0.0062795202247798,0.2603650093078613,1.4643900394439695,0.9860039949417114,4.1266699554398656e-05,5.9262500144541264e-05,5.963529838481918e-05,3.660979986190796,8.963979721069336,0.2139759957790374,-0.0125786997377872,0.2057839930057525,1.5006200075149536,0.9509080052375792,9.42207989282906e-05,0.0001327500067418,0.0001376849977532,3.7515599727630615,9.6393404006958,0.1705529987812042,-0.0095447702333331,0.1610849946737289,1.6751699447631836,0.910869002342224,0.0001320960000157,0.0001893269945867,0.0002085890009766,4.187930107116699,7.642819881439209,0.2198179960250854,-0.0090630901977419,0.2129520028829574,1.4970500469207764,0.946628987789154,0.0001836669980548,0.0002484679862391,0.0002515370142646,3.742630004882813,9.176859855651855,0.1706790030002594,-0.0101669998839497,0.16873599588871,1.2537100315093994,0.8839370012283325,0.000197080997168,0.000280868000118,0.0002727170067373,3.134269952774048,12.143099784851074,0.2952003479003906,0.0067996978759765625,0.03960037231444957,0.10519981384277344,0.013299942016601562,-0.03199958801269531,7.607756945321397,0.023460441326501724,0.0,0.0,0.0,0.0,0.0,0.0,0.0,0.0,0.0,0.0,0.0,0.0,0.0,0.0,0.0,0.0,0.0,0.0,0.0,0.0,0.0,0.0,0.0,0.0,0.0,1.0,0.0
2020tri,10,59079.26,0.6795000000000009,0.46253513591232087,0.5,0.0,0.3913105497419812,13.828907825706843,1.3590000000000018,1.3118999702334406,0.8085000000000022,-0.8077640711203831,-0.21927732125943003,0.02904677503681021,1.2621804931730718,-0.2567721895631682,0.024443002153832723,0.12737017845273785,0.22913908730367044,0.8265636861982166,6.8863636372382135,20.585125,0.31450000000000067,0.9745000000000026,0.06646289277417787,0.06415943123772788,0.0,0.25,11.57714285714818,2.968662485660758,1.0921832884102056,1.8333484823201713,0.9188208616784269,1.5711360174878866,2.0673469387764603,1.1076224772012357,1.8672811059916417,0.8933895702087249,1.647459822792563,0.0390625,0.0,0.7856445754623103,9.223165108627201,0.7756811890860303,0.5192886446173953,0.8392846893766844,20.278828539395874,0.3099768192552471,0.4117399783961871,20.469400899560053,0.15379579245002253,-1.3310747983751452,0.40780519136030274,15.52057666614836,-0.27547467280968807,0.866299776321972,0.23600000000000065,0.21522165156938988,0.25,0.0,0.3672697065777957,18.264740658132343,0.4720000000000013,0.4720000000000013,0.2480000000000011,3.3006910572624975,-0.137180924314225,0.05662971885620972,0.4178662811655586,-0.1391132102769357,0.03477555318108461,0.08614110723931868,0.04067796973858525,0.7152542729498936,1.5151515151769257,20.304,0.05000000000000071,0.38400000000000034,0.023331685615422704,0.023331685615422704,0.5,0.5,8.17599999999705,2.0421778286086893,4.542222222220584,1.8646061675025385,1.3187096774188791,1.3383632290469083,1.1679999999995785,0.9347781932835857,2.151578947367645,0.47239725440144525,0.5917869963793668,0.015625,0.0,0.30584952935175524,2.2346159579022027,1.7500144178897032,0.2110165870257601,0.6973239276837352,20.227200916835933,0.19183736933032097,0.36377593639758016,26.173826608388726,0.017512199768624035,3.033984558610161,0.1773534830696375,2.8838795953997693,-1.638417936460421,0.7646170740967476,0.2654660046100616,-0.0062795202247798,0.2603650093078613,1.4643900394439695,0.9860039949417114,4.1266699554398656e-05,5.9262500144541264e-05,5.963529838481918e-05,3.660979986190796,8.963979721069336,0.2139759957790374,-0.0125786997377872,0.2057839930057525,1.5006200075149536,0.9509080052375792,9.42207989282906e-05,0.0001327500067418,0.0001376849977532,3.7515599727630615,9.6393404006958,0.1705529987812042,-0.0095447702333331,0.1610849946737289,1.6751699447631836,0.910869002342224,0.0001320960000157,0.0001893269945867,0.0002085890009766,4.187930107116699,7.642819881439209,0.2198179960250854,-0.0090630901977419,0.2129520028829574,1.4970500469207764,0.946628987789154,0.0001836669980548,0.0002484679862391,0.0002515370142646,3.742630004882813,9.176859855651855,0.1706790030002594,-0.0101669998839497,0.16873599588871,1.2537100315093994,0.8839370012283325,0.000197080997168,0.000280868000118,0.0002727170067373,3.134269952774048,12.143099784851074,0.2952003479003906,0.0067996978759765625,0.03960037231444957,0.10519981384277344,0.013299942016601562,-0.03199958801269531,7.607756945321397,0.023460441326501724,0.0,0.0,0.0,0.0,0.0,0.0,0.0,0.0,0.0,0.0,0.0,0.0,0.0,0.0,0.0,0.0,0.0,0.0,0.0,0.0,0.0,0.0,0.0,0.0,0.0,1.0,0.0
2020tri,11,59079.26,0.6795000000000009,0.46253513591232087,0.5,0.0,0.3913105497419812,13.828907825706843,1.3590000000000018,1.3118999702334406,0.8085000000000022,-0.8077640711203831,-0.21927732125943003,0.02904677503681021,1.2621804931730718,-0.2567721895631682,0.024443002153832723,0.12737017845273785,0.22913908730367044,0.8265636861982166,6.8863636372382135,20.585125,0.31450000000000067,0.9745000000000026,0.06646289277417787,0.06415943123772788,0.0,0.25,11.57714285714818,2.968662485660758,1.0921832884102056,1.8333484823201713,0.9188208616784269,1.5711360174878866,2.0673469387764603,1.1076224772012357,1.8672811059916417,0.8933895702087249,1.647459822792563,0.0390625,0.0,0.7856445754623103,9.223165108627201,0.7756811890860303,0.5192886446173953,0.8392846893766844,20.278828539395874,0.3099768192552471,0.4117399783961871,20.469400899560053,0.15379579245002253,-1.3310747983751452,0.40780519136030274,15.52057666614836,-0.27547467280968807,0.866299776321972,0.23600000000000065,0.21522165156938988,0.25,0.0,0.3672697065777957,18.264740658132343,0.4720000000000013,0.4720000000000013,0.2480000000000011,3.3006910572624975,-0.137180924314225,0.05662971885620972,0.4178662811655586,-0.1391132102769357,0.03477555318108461,0.08614110723931868,0.04067796973858525,0.7152542729498936,1.5151515151769257,20.304,0.05000000000000071,0.38400000000000034,0.023331685615422704,0.023331685615422704,0.5,0.5,8.17599999999705,2.0421778286086893,4.542222222220584,1.8646061675025385,1.3187096774188791,1.3383632290469083,1.1679999999995785,0.9347781932835857,2.151578947367645,0.47239725440144525,0.5917869963793668,0.015625,0.0,0.30584952935175524,2.2346159579022027,1.7500144178897032,0.2110165870257601,0.6973239276837352,20.227200916835933,0.19183736933032097,0.36377593639758016,26.173826608388726,0.017512199768624035,3.033984558610161,0.1773534830696375,2.8838795953997693,-1.638417936460421,0.7646170740967476,0.2654660046100616,-0.0062795202247798,0.2603650093078613,1.4643900394439695,0.9860039949417114,4.1266699554398656e-05,5.9262500144541264e-05,5.963529838481918e-05,3.660979986190796,8.963979721069336,0.2139759957790374,-0.0125786997377872,0.2057839930057525,1.5006200075149536,0.9509080052375792,9.42207989282906e-05,0.0001327500067418,0.0001376849977532,3.7515599727630615,9.6393404006958,0.1705529987812042,-0.0095447702333331,0.1610849946737289,1.6751699447631836,0.910869002342224,0.0001320960000157,0.0001893269945867,0.0002085890009766,4.187930107116699,7.642819881439209,0.2198179960250854,-0.0090630901977419,0.2129520028829574,1.4970500469207764,0.946628987789154,0.0001836669980548,0.0002484679862391,0.0002515370142646,3.742630004882813,9.176859855651855,0.1706790030002594,-0.0101669998839497,0.16873599588871,1.2537100315093994,0.8839370012283325,0.000197080997168,0.000280868000118,0.0002727170067373,3.134269952774048,12.143099784851074,0.2952003479003906,0.0067996978759765625,0.03960037231444957,0.10519981384277344,0.013299942016601562,-0.03199958801269531,7.607756945321397,0.023460441326501724,0.0,0.0,0.0,0.0,0.0,0.0,0.0,0.0,0.0,0.0,0.0,0.0,0.0,0.0,0.0,0.0,0.0,0.0,0.0,0.0,0.0,0.0,0.0,0.0,0.0,1.0,0.0
2020tri,12,59080.185,0.6795000000000009,0.46253513591232087,0.5,0.0,0.3913105497419812,13.828907825706843,1.3590000000000018,1.3118999702334406,0.8085000000000022,-0.8077640711203831,-0.21927732125943003,0.02904677503681021,1.2621804931730718,-0.2567721895631682,0.024443002153832723,0.12737017845273785,0.22913908730367044,0.8265636861982166,6.8863636372382135,20.585125,0.31450000000000067,0.9745000000000026,0.06646289277417787,0.06415943123772788,0.0,0.25,11.57714285714818,2.968662485660758,1.0921832884102056,1.8333484823201713,0.9188208616784269,1.5711360174878866,2.0673469387764603,1.1076224772012357,1.8672811059916417,0.8933895702087249,1.647459822792563,0.0390625,0.0,0.7856445754623103,9.223165108627201,0.7756811890860303,0.5192886446173953,0.8392846893766844,20.278828539395874,0.3099768192552471,0.4117399783961871,20.469400899560053,0.15379579245002253,-1.3310747983751452,0.40780519136030274,15.52057666614836,-0.27547467280968807,0.866299776321972,0.3695000000000004,0.23201843183487886,0.4,0.0,0.31657518869052,8.576437057550343,0.7390000000000008,0.7390000000000008,0.25975000000000037,1.7515061138258385,-0.1617946043610663,0.0481145051500088,0.5049930479665662,-0.16538960511724013,0.03138810603538965,0.09554066581578877,0.06765899864682091,0.5676589986468233,1.5151515151769257,20.2182,0.07600000000000051,0.3960000000000008,0.036551587694133976,0.036551587694133976,0.4,0.4,8.314583333321934,2.0949607803140515,2.6256578947332425,1.6775075004036113,1.1338068181802639,0.9172126737107703,1.662916666664387,0.6776224637358244,0.8752192982444142,0.5243109393281089,0.7922622721747354,0.03125,0.0,0.4226643503173848,3.2056811371423395,0.4737980089256019,0.2649607518105279,0.7714726788210337,20.17314244539924,0.21935157051585608,0.32829247808535716,9.246455509413543,0.041437652453216664,1.6135315173408813,0.23657154805752473,3.5907677263782825,0.19911769250117095,0.7453003925146358,0.2654660046100616,-0.0062795202247798,0.2603650093078613,1.4643900394439695,0.9860039949417114,4.1266699554398656e-05,5.9262500144541264e-05,5.963529838481918e-05,3.660979986190796,8.963979721069336,0.2139759957790374,-0.0125786997377872,0.2057839930057525,1.5006200075149536,0.9509080052375792,9.42207989282906e-05,0.0001327500067418,0.0001376849977532,3.7515599727630615,9.6393404006958,0.1705529987812042,-0.0095447702333331,0.1610849946737289,1.6751699447631836,0.910869002342224,0.0001320960000157,0.0001893269945867,0.0002085890009766,4.187930107116699,7.642819881439209,0.2198179960250854,-0.0090630901977419,0.2129520028829574,1.4970500469207764,0.946628987789154,0.0001836669980548,0.0002484679862391,0.0002515370142646,3.742630004882813,9.176859855651855,0.1706790030002594,-0.0101669998839497,0.16873599588871,1.2537100315093994,0.8839370012283325,0.000197080997168,0.000280868000118,0.0002727170067373,3.134269952774048,12.143099784851074,0.2952003479003906,0.0067996978759765625,0.03960037231444957,0.10519981384277344,0.013299942016601562,-0.03199958801269531,7.607756945321397,0.023460441326501724,0.0,0.0,0.0,0.0,0.0,0.0,0.0,0.0,0.0,0.0,0.0,0.0,0.0,0.0,0.0,0.0,0.0,0.0,0.0,0.0,0.0,0.0,0.0,0.0,0.0,1.0,0.0
2020tri,13,59081.171,0.6795000000000009,0.46253513591232087,0.5,0.0,0.3913105497419812,13.828907825706843,1.3590000000000018,1.3118999702334406,0.8085000000000022,-0.8077640711203831,-0.21927732125943003,0.02904677503681021,1.2621804931730718,-0.2567721895631682,0.024443002153832723,0.12737017845273785,0.22913908730367044,0.8265636861982166,6.8863636372382135,20.585125,0.31450000000000067,0.9745000000000026,0.06646289277417787,0.06415943123772788,0.0,0.25,11.57714285714818,2.968662485660758,1.0921832884102056,1.8333484823201713,0.9188208616784269,1.5711360174878866,2.0673469387764603,1.1076224772012357,1.8672811059916417,0.8933895702087249,1.647459822792563,0.0390625,0.0,0.7856445754623103,9.223165108627201,0.7756811890860303,0.5192886446173953,0.8392846893766844,20.278828539395874,0.3099768192552471,0.4117399783961871,20.469400899560053,0.15379579245002253,-1.3310747983751452,0.40780519136030274,15.52057666614836,-0.27547467280968807,0.866299776321972,0.3934999999999995,0.2788571677623664,0.3333333333333333,0.0,0.35866884242289787,5.8759295206768645,0.786999999999999,0.7449998569488514,0.3670000000000009,0.3106795977595631,-0.1566105029808614,0.035979043228487176,0.3853284548817906,-0.16052487099447343,0.021765829172978233,0.0836255360594902,0.1335450800128637,0.6264295662827833,1.5151515151769257,20.153,0.18350000000000044,0.43400000000000105,0.03899900891972245,0.03691773324820869,0.3333333333333333,0.5,9.953999999997905,2.7882669059961707,3.14336842105197,0.7193251396293391,1.1268679245280646,0.2016070404335983,1.4566829268289618,0.17507525820052255,1.866374999999607,-0.49740456645986914,1.0521664406299327,0.0625,0.0,0.5135565896393269,4.097681030798279,0.5503923209267652,0.28577893554284217,0.8521064574832291,20.114809791813197,0.27173767543460725,0.37867473441330785,5.760730199046076,0.04916656618698052,-0.65219089734408,0.250896249812218,4.434787518451808,-0.04120477878687508,0.7933593101847638,0.2654660046100616,-0.0062795202247798,0.2603650093078613,1.4643900394439695,0.9860039949417114,4.1266699554398656e-05,5.9262500144541264e-05,5.963529838481918e-05,3.660979986190796,8.963979721069336,0.2139759957790374,-0.0125786997377872,0.2057839930057525,1.5006200075149536,0.9509080052375792,9.42207989282906e-05,0.0001327500067418,0.0001376849977532,3.7515599727630615,9.6393404006958,0.1705529987812042,-0.0095447702333331,0.1610849946737289,1.6751699447631836,0.910869002342224,0.0001320960000157,0.0001893269945867,0.0002085890009766,4.187930107116699,7.642819881439209,0.2198179960250854,-0.0090630901977419,0.2129520028829574,1.4970500469207764,0.946628987789154,0.0001836669980548,0.0002484679862391,0.0002515370142646,3.742630004882813,9.176859855651855,0.1706790030002594,-0.0101669998839497,0.16873599588871,1.2537100315093994,0.8839370012283325,0.000197080997168,0.000280868000118,0.0002727170067373,3.134269952774048,12.143099784851074,0.2952003479003906,0.0067996978759765625,0.03960037231444957,0.10519981384277344,0.013299942016601562,-0.03199958801269531,7.607756945321397,0.023460441326501724,0.0,0.0,0.0,0.0,0.0,0.0,0.0,0.0,0.0,0.0,0.0,0.0,0.0,0.0,0.0,0.0,0.0,0.0,0.0,0.0,0.0,0.0,0.0,0.0,0.0,1.0,0.0
2020tri,14,59081.228,0.7189999999999994,0.5494298945040144,0.3333333333333333,0.0,0.39937147903097936,17.44594686420471,1.4379999999999988,1.343999907910824,0.7725000000000009,-0.521997110376188,-0.18735801603066216,0.025063542751325735,1.7571633194195695,-0.21382693520874396,0.02768474701268766,0.18203956721801937,0.1896384007741744,0.7168290430216194,6.8863636372382135,20.518333333333334,0.26699999999999946,1.1080000000000005,0.07078861868662001,0.06616126355768553,0.2222222222222222,0.2222222222222222,13.186875000005784,3.275233908141371,1.083852739726503,1.580841593314181,2.02875000000089,1.1794354198036932,1.9297865853667002,1.0810961228502263,0.9200145348841245,1.031110525941913,1.8396430094199854,0.0546875,0.015625,0.8145028509829272,8.522570048663285,0.8843421424030014,0.5254552787821242,0.8563557011802296,20.260140513118,0.3436722764681268,0.4156424904522242,23.868630848743933,0.14772493977316203,-1.2599301220234396,0.4028022076967965,14.486118764926246,-0.3758981220851698,0.8715574822796203,0.3934999999999995,0.2788571677623664,0.3333333333333333,0.0,0.35866884242289787,5.8759295206768645,0.786999999999999,0.7449998569488514,0.3670000000000009,0.3106795977595631,-0.1566105029808614,0.035979043228487176,0.3853284548817906,-0.16052487099447343,0.021765829172978233,0.0836255360594902,0.1335450800128637,0.6264295662827833,1.5151515151769257,20.153,0.18350000000000044,0.43400000000000105,0.03899900891972245,0.03691773324820869,0.3333333333333333,0.5,9.953999999997905,2.7882669059961707,3.14336842105197,0.7193251396293391,1.1268679245280646,0.2016070404335983,1.4566829268289618,0.17507525820052255,1.866374999999607,-0.49740456645986914,1.0521664406299327,0.0625,0.0,0.5135565896393269,4.097681030798279,0.5503923209267652,0.28577893554284217,0.8521064574832291,20.114809791813197,0.27173767543460725,0.37867473441330785,5.760730199046076,0.04916656618698052,-0.65219089734408,0.250896249812218,4.434787518451808,-0.04120477878687508,0.7933593101847638,0.2654660046100616,-0.0062795202247798,0.2603650093078613,1.4643900394439695,0.9860039949417114,4.1266699554398656e-05,5.9262500144541264e-05,5.963529838481918e-05,3.660979986190796,8.963979721069336,0.2139759957790374,-0.0125786997377872,0.2057839930057525,1.5006200075149536,0.9509080052375792,9.42207989282906e-05,0.0001327500067418,0.0001376849977532,3.7515599727630615,9.6393404006958,0.1705529987812042,-0.0095447702333331,0.1610849946737289,1.6751699447631836,0.910869002342224,0.0001320960000157,0.0001893269945867,0.0002085890009766,4.187930107116699,7.642819881439209,0.2198179960250854,-0.0090630901977419,0.2129520028829574,1.4970500469207764,0.946628987789154,0.0001836669980548,0.0002484679862391,0.0002515370142646,3.742630004882813,9.176859855651855,0.1706790030002594,-0.0101669998839497,0.16873599588871,1.2537100315093994,0.8839370012283325,0.000197080997168,0.000280868000118,0.0002727170067373,3.134269952774048,12.143099784851074,0.2952003479003906,0.0067996978759765625,0.03960037231444957,0.10519981384277344,0.013299942016601562,-0.03199958801269531,7.607756945321397,0.023460441326501724,0.0,0.0,0.0,0.0,0.0,0.0,0.0,0.0,0.0,0.0,0.0,0.0,0.0,0.0,0.0,0.0,0.0,0.0,0.0,0.0,0.0,0.0,0.0,0.0,0.0,1.0,0.0
2020tri,15,59082.193,0.8580000000000005,0.4421028351334613,0.3,0.0,0.39667088017933,14.0726110736006,1.716000000000001,1.4990000000000023,0.6300000000000026,-0.32111689580488445,-0.1752194380699236,0.021417582888051435,1.64619977807137,-0.20020809667988568,0.022494828811813687,0.17926636808526106,0.16113053613053524,0.5571095571095586,6.8863636372382135,20.4371,0.2984999999999989,1.1260000000000012,0.0845486795427671,0.07385691761923543,0.2,0.2,14.811111111110357,3.372537905295097,1.0706827309236402,1.304178654608931,3.064367816091798,1.158393832881049,0.9354385964911804,1.002493868890011,2.115873015872908,0.8682763823170203,2.0179272233194103,0.0546875,0.0234375,0.8775445553026325,8.90000378532376,0.7597691421892213,0.5580444924515925,0.8792915112414409,20.229463462020547,0.21986443907908276,0.3912924105964089,15.347361579704906,0.17552208775211903,-0.48649222147451,0.4391952492367109,14.253239977348906,0.07704653265180199,0.8800613007610508,0.3934999999999995,0.2788571677623664,0.3333333333333333,0.0,0.35866884242289787,5.8759295206768645,0.786999999999999,0.7449998569488514,0.3670000000000009,0.3106795977595631,-0.1566105029808614,0.035979043228487176,0.3853284548817906,-0.16052487099447343,0.021765829172978233,0.0836255360594902,0.1335450800128637,0.6264295662827833,1.5151515151769257,20.153,0.18350000000000044,0.43400000000000105,0.03899900891972245,0.03691773324820869,0.3333333333333333,0.5,9.953999999997905,2.7882669059961707,3.14336842105197,0.7193251396293391,1.1268679245280646,0.2016070404335983,1.4566829268289618,0.17507525820052255,1.866374999999607,-0.49740456645986914,1.0521664406299327,0.0625,0.0,0.5135565896393269,4.097681030798279,0.5503923209267652,0.28577893554284217,0.8521064574832291,20.114809791813197,0.27173767543460725,0.37867473441330785,5.760730199046076,0.04916656618698052,-0.65219089734408,0.250896249812218,4.434787518451808,-0.04120477878687508,0.7933593101847638,0.2654660046100616,-0.0062795202247798,0.2603650093078613,1.4643900394439695,0.9860039949417114,4.1266699554398656e-05,5.9262500144541264e-05,5.963529838481918e-05,3.660979986190796,8.963979721069336,0.2139759957790374,-0.0125786997377872,0.2057839930057525,1.5006200075149536,0.9509080052375792,9.42207989282906e-05,0.0001327500067418,0.0001376849977532,3.7515599727630615,9.6393404006958,0.1705529987812042,-0.0095447702333331,0.1610849946737289,1.6751699447631836,0.910869002342224,0.0001320960000157,0.0001893269945867,0.0002085890009766,4.187930107116699,7.642819881439209,0.2198179960250854,-0.0090630901977419,0.2129520028829574,1.4970500469207764,0.946628987789154,0.0001836669980548,0.0002484679862391,0.0002515370142646,3.742630004882813,9.176859855651855,0.1706790030002594,-0.0101669998839497,0.16873599588871,1.2537100315093994,0.8839370012283325,0.000197080997168,0.000280868000118,0.0002727170067373,3.134269952774048,12.143099784851074,0.2952003479003906,0.0067996978759765625,0.03960037231444957,0.10519981384277344,0.013299942016601562,-0.03199958801269531,7.607756945321397,0.023460441326501724,0.0,0.0,0.0,0.0,0.0,0.0,0.0,0.0,0.0,0.0,0.0,0.0,0.0,0.0,0.0,0.0,0.0,0.0,0.0,0.0,0.0,0.0,0.0,0.0,0.0,1.0,0.0
2020tri,16,59083.26,0.8580000000000005,0.46375410728821836,0.36363636363636365,0.0,0.3931861087392147,12.50970352837543,1.716000000000001,1.618799940347671,0.661249999999999,-0.25205878141486515,-0.1312092789030831,0.01238895783571087,2.1683729452210376,-0.18155419108581233,0.02035301167640341,0.1924584689728592,0.16207044123835693,0.5635576515778851,6.8863636372382135,20.371181818181817,0.3030000000000008,1.144000000000002,0.0842242810027536,0.07983035508174727,0.18181818181818182,0.18181818181818182,16.619166666670935,3.800095642697088,1.0722043010755442,0.9906678341432336,0.9496666666669106,0.9498042774576808,2.077395833333867,0.6818728022013101,3.323833333334187,0.4021857171763561,2.2079378872304978,0.0703125,0.0390625,0.9054722508149822,13.168092127648583,0.7943956951795564,0.5727735710002371,0.8300915191757233,20.095170880617417,0.24876951909661527,0.3984002007992245,12.3021648292343,0.18272222845299335,-0.8653482445677745,0.4442452068170019,19.718355087473014,0.010563250440398525,0.8253174381076154,0.3934999999999995,0.36943608685244733,0.2857142857142857,0.0,0.3842984509869391,7.288591812805513,0.786999999999999,0.7029998941421489,0.35350000000000037,0.4250246833752156,-0.0844524751873365,0.01996300915345997,1.4705298151910806,-0.10861882003309482,0.026547161359267823,0.14562787452848874,0.27839902546990386,0.5196950008484441,1.5151515151769257,20.117571428571427,0.23699999999999832,0.4720000000000013,0.03907258464899211,0.034902189164042745,0.14285714285714285,0.2857142857142857,10.30458333333172,2.7328070711138754,1.0991555555553836,1.7118741133759527,3.0532098765427325,1.6081355041431251,1.4988484848482504,0.9749534104581848,0.9262546816477951,0.9356124602837026,1.1375560680590442,0.046875,0.0,0.5763810106118965,4.208223438635302,0.8421451699187334,0.27720801884917695,0.9201853882911737,20.06511245443402,0.3275495824441233,0.4081984592940285,7.113955113653471,0.04360611940449977,-0.7639975411295818,0.23645916677419868,4.866656751944948,-0.4086569962628893,0.8305636212486196,0.2654660046100616,-0.0062795202247798,0.2603650093078613,1.4643900394439695,0.9860039949417114,4.1266699554398656e-05,5.9262500144541264e-05,5.963529838481918e-05,3.660979986190796,8.963979721069336,0.2139759957790374,-0.0125786997377872,0.2057839930057525,1.5006200075149536,0.9509080052375792,9.42207989282906e-05,0.0001327500067418,0.0001376849977532,3.7515599727630615,9.6393404006958,0.1705529987812042,-0.0095447702333331,0.1610849946737289,1.6751699447631836,0.910869002342224,0.0001320960000157,0.0001893269945867,0.0002085890009766,4.187930107116699,7.642819881439209,0.2198179960250854,-0.0090630901977419,0.2129520028829574,1.4970500469207764,0.946628987789154,0.0001836669980548,0.0002484679862391,0.0002515370142646,3.742630004882813,9.176859855651855,0.1706790030002594,-0.0101669998839497,0.16873599588871,1.2537100315093994,0.8839370012283325,0.000197080997168,0.000280868000118,0.0002727170067373,3.134269952774048,12.143099784851074,0.2952003479003906,0.0067996978759765625,0.03960037231444957,0.10519981384277344,0.013299942016601562,-0.03199958801269531,7.607756945321397,0.023460441326501724,0.0,0.0,0.0,0.0,0.0,0.0,0.0,0.0,0.0,0.0,0.0,0.0,0.0,0.0,0.0,0.0,0.0,0.0,0.0,0.0,0.0,0.0,0.0,0.0,0.0,1.0,0.0
2020tri,17,59083.26,0.8580000000000005,0.46375410728821836,0.36363636363636365,0.0,0.3931861087392147,12.50970352837543,1.716000000000001,1.618799940347671,0.661249999999999,-0.25205878141486515,-0.1312092789030831,0.01238895783571087,2.1683729452210376,-0.18155419108581233,0.02035301167640341,0.1924584689728592,0.16207044123835693,0.5635576515778851,6.8863636372382135,20.371181818181817,0.3030000000000008,1.144000000000002,0.0842242810027536,0.07983035508174727,0.18181818181818182,0.18181818181818182,16.619166666670935,3.800095642697088,1.0722043010755442,0.9906678341432336,0.9496666666669106,0.9498042774576808,2.077395833333867,0.6818728022013101,3.323833333334187,0.4021857171763561,2.2079378872304978,0.0703125,0.0390625,0.9054722508149822,13.168092127648583,0.7943956951795564,0.5727735710002371,0.8300915191757233,20.095170880617417,0.24876951909661527,0.3984002007992245,12.3021648292343,0.18272222845299335,-0.8653482445677745,0.4442452068170019,19.718355087473014,0.010563250440398525,0.8253174381076154,0.3934999999999995,0.36943608685244733,0.2857142857142857,0.0,0.3842984509869391,7.288591812805513,0.786999999999999,0.7029998941421489,0.35350000000000037,0.4250246833752156,-0.0844524751873365,0.01996300915345997,1.4705298151910806,-0.10861882003309482,0.026547161359267823,0.14562787452848874,0.27839902546990386,0.5196950008484441,1.5151515151769257,20.117571428571427,0.23699999999999832,0.4720000000000013,0.03907258464899211,0.034902189164042745,0.14285714285714285,0.2857142857142857,10.30458333333172,2.7328070711138754,1.0991555555553836,1.7118741133759527,3.0532098765427325,1.6081355041431251,1.4988484848482504,0.9749534104581848,0.9262546816477951,0.9356124602837026,1.1375560680590442,0.046875,0.0,0.5763810106118965,4.208223438635302,0.8421451699187334,0.27720801884917695,0.9201853882911737,20.06511245443402,0.3275495824441233,0.4081984592940285,7.113955113653471,0.04360611940449977,-0.7639975411295818,0.23645916677419868,4.866656751944948,-0.4086569962628893,0.8305636212486196,0.2654660046100616,-0.0062795202247798,0.2603650093078613,1.4643900394439695,0.9860039949417114,4.1266699554398656e-05,5.9262500144541264e-05,5.963529838481918e-05,3.660979986190796,8.963979721069336,0.2139759957790374,-0.0125786997377872,0.2057839930057525,1.5006200075149536,0.9509080052375792,9.42207989282906e-05,0.0001327500067418,0.0001376849977532,3.7515599727630615,9.6393404006958,0.1705529987812042,-0.0095447702333331,0.1610849946737289,1.6751699447631836,0.910869002342224,0.0001320960000157,0.0001893269945867,0.0002085890009766,4.187930107116699,7.642819881439209,0.2198179960250854,-0.0090630901977419,0.2129520028829574,1.4970500469207764,0.946628987789154,0.0001836669980548,0.0002484679862391,0.0002515370142646,3.742630004882813,9.176859855651855,0.1706790030002594,-0.0101669998839497,0.16873599588871,1.2537100315093994,0.8839370012283325,0.000197080997168,0.000280868000118,0.0002727170067373,3.134269952774048,12.143099784851074,0.2952003479003906,0.0067996978759765625,0.03960037231444957,0.10519981384277344,0.013299942016601562,-0.03199958801269531,7.607756945321397,0.023460441326501724,0.0,0.0,0.0,0.0,0.0,0.0,0.0,0.0,0.0,0.0,0.0,0.0,0.0,0.0,0.0,0.0,0.0,0.0,0.0,0.0,0.0,0.0,0.0,0.0,0.0,1.0,0.0
2020tri,18,59084.193,0.8580000000000005,0.46375410728821836,0.36363636363636365,0.0,0.3931861087392147,12.50970352837543,1.716000000000001,1.618799940347671,0.661249999999999,-0.25205878141486515,-0.1312092789030831,0.01238895783571087,2.1683729452210376,-0.18155419108581233,0.02035301167640341,0.1924584689728592,0.16207044123835693,0.5635576515778851,6.8863636372382135,20.371181818181817,0.3030000000000008,1.144000000000002,0.0842242810027536,0.07983035508174727,0.18181818181818182,0.18181818181818182,16.619166666670935,3.800095642697088,1.0722043010755442,0.9906678341432336,0.9496666666669106,0.9498042774576808,2.077395833333867,0.6818728022013101,3.323833333334187,0.4021857171763561,2.2079378872304978,0.0703125,0.0390625,0.9054722508149822,13.168092127648583,0.7943956951795564,0.5727735710002371,0.8300915191757233,20.095170880617417,0.24876951909661527,0.3984002007992245,12.3021648292343,0.18272222845299335,-0.8653482445677745,0.4442452068170019,19.718355087473014,0.010563250440398525,0.8253174381076154,0.3934999999999995,0.4700418753656322,0.25,0.0,0.3952442420754229,6.461241572242321,0.786999999999999,0.6609999284744248,0.33999999999999986,0.8922714507265175,-0.07145323788568052,0.017294297685755314,1.508692486320953,-0.08271548186344174,0.0234785626946244,0.16312206445750344,0.3025413126018477,0.4594663298266335,1.5151515151769257,20.094875000000002,0.17149999999999999,0.5749999999999993,0.03927341683716747,0.03298567435872173,0.0,0.0,13.05959183672842,2.8088998896434956,1.0882993197273685,1.8427274507563267,3.152315270934446,1.8363526051263552,1.4986416861819498,1.0974145297652942,0.9328279883377444,0.8704057776536218,1.3286618313774197,0.046875,0.0,0.6595484297127617,3.7317613783006887,1.0734768526291205,0.26455160852171833,0.912520534013952,20.053811722242976,0.3813294702416993,0.41665680667852806,6.328128081915218,0.036159939656404336,-0.4005875354596933,0.22114495615884022,4.414906707384231,-0.6639585364302009,0.8502818354354749,0.2654660046100616,-0.0062795202247798,0.2603650093078613,1.4643900394439695,0.9860039949417114,4.1266699554398656e-05,5.9262500144541264e-05,5.963529838481918e-05,3.660979986190796,8.963979721069336,0.2139759957790374,-0.0125786997377872,0.2057839930057525,1.5006200075149536,0.9509080052375792,9.42207989282906e-05,0.0001327500067418,0.0001376849977532,3.7515599727630615,9.6393404006958,0.1705529987812042,-0.0095447702333331,0.1610849946737289,1.6751699447631836,0.910869002342224,0.0001320960000157,0.0001893269945867,0.0002085890009766,4.187930107116699,7.642819881439209,0.2198179960250854,-0.0090630901977419,0.2129520028829574,1.4970500469207764,0.946628987789154,0.0001836669980548,0.0002484679862391,0.0002515370142646,3.742630004882813,9.176859855651855,0.1706790030002594,-0.0101669998839497,0.16873599588871,1.2537100315093994,0.8839370012283325,0.000197080997168,0.000280868000118,0.0002727170067373,3.134269952774048,12.143099784851074,0.2952003479003906,0.0067996978759765625,0.03960037231444957,0.10519981384277344,0.013299942016601562,-0.03199958801269531,7.607756945321397,0.023460441326501724,0.0,0.0,0.0,0.0,0.0,0.0,0.0,0.0,0.0,0.0,0.0,0.0,0.0,0.0,0.0,0.0,0.0,0.0,0.0,0.0,0.0,0.0,0.0,0.0,0.0,1.0,0.0
2020tri,19,59085.175,0.8580000000000005,0.46375410728821836,0.36363636363636365,0.0,0.3931861087392147,12.50970352837543,1.716000000000001,1.618799940347671,0.661249999999999,-0.25205878141486515,-0.1312092789030831,0.01238895783571087,2.1683729452210376,-0.18155419108581233,0.02035301167640341,0.1924584689728592,0.16207044123835693,0.5635576515778851,6.8863636372382135,20.371181818181817,0.3030000000000008,1.144000000000002,0.0842242810027536,0.07983035508174727,0.18181818181818182,0.18181818181818182,16.619166666670935,3.800095642697088,1.0722043010755442,0.9906678341432336,0.9496666666669106,0.9498042774576808,2.077395833333867,0.6818728022013101,3.323833333334187,0.4021857171763561,2.2079378872304978,0.0703125,0.0390625,0.9054722508149822,13.168092127648583,0.7943956951795564,0.5727735710002371,0.8300915191757233,20.095170880617417,0.24876951909661527,0.3984002007992245,12.3021648292343,0.18272222845299335,-0.8653482445677745,0.4442452068170019,19.718355087473014,0.010563250440398525,0.8253174381076154,0.448500000000001,0.41327263116887164,0.2222222222222222,0.1111111111111111,0.4019233486226079,5.054505567063489,0.897000000000002,0.7041997832059899,0.36100000000000065,0.7545953591884507,-0.07187371247731662,0.014444480600802447,1.2934442261219987,-0.08062430562350298,0.01805913584144477,0.1513406570620106,0.23779265909821992,0.4385730250091685,1.5151515151769257,20.052888888888887,0.20599999999999952,0.6780000000000008,0.04499398073836286,0.03532302283336627,0.2222222222222222,0.3333333333333333,16.839374999999563,3.3893596913134725,1.0748537234042275,1.8525955625931347,0.9442640186915642,0.8703082041813875,1.6563319672130719,0.7116398969231863,3.484008620689565,0.6845508256919944,1.4434087555122923,0.0546875,0.0234375,0.6256104741685193,4.226661473677744,0.9664770371395006,0.2776771706696667,0.903165690638485,20.018987631670203,0.29225430712299005,0.41476564662552495,4.602141615679038,0.04171163262662049,-0.3539015083318908,0.23312351699860576,4.860960767778423,-0.47709191453693417,0.8763688050402553,0.2654660046100616,-0.0062795202247798,0.2603650093078613,1.4643900394439695,0.9860039949417114,4.1266699554398656e-05,5.9262500144541264e-05,5.963529838481918e-05,3.660979986190796,8.963979721069336,0.2139759957790374,-0.0125786997377872,0.2057839930057525,1.5006200075149536,0.9509080052375792,9.42207989282906e-05,0.0001327500067418,0.0001376849977532,3.7515599727630615,9.6393404006958,0.1705529987812042,-0.0095447702333331,0.1610849946737289,1.6751699447631836,0.910869002342224,0.0001320960000157,0.0001893269945867,0.0002085890009766,4.187930107116699,7.642819881439209,0.2198179960250854,-0.0090630901977419,0.2129520028829574,1.4970500469207764,0.946628987789154,0.0001836669980548,0.0002484679862391,0.0002515370142646,3.742630004882813,9.176859855651855,0.1706790030002594,-0.0101669998839497,0.16873599588871,1.2537100315093994,0.8839370012283325,0.000197080997168,0.000280868000118,0.0002727170067373,3.134269952774048,12.143099784851074,0.2952003479003906,0.0067996978759765625,0.03960037231444957,0.10519981384277344,0.013299942016601562,-0.03199958801269531,7.607756945321397,0.023460441326501724,0.0,0.0,0.0,0.0,0.0,0.0,0.0,0.0,0.0,0.0,0.0,0.0,0.0,0.0,0.0,0.0,0.0,0.0,0.0,0.0,0.0,0.0,0.0,0.0,0.0,1.0,0.0
2020tri,20,59086.187,0.8580000000000005,0.46375410728821836,0.36363636363636365,0.0,0.3931861087392147,12.50970352837543,1.716000000000001,1.618799940347671,0.661249999999999,-0.25205878141486515,-0.1312092789030831,0.01238895783571087,2.1683729452210376,-0.18155419108581233,0.02035301167640341,0.1924584689728592,0.16207044123835693,0.5635576515778851,6.8863636372382135,20.371181818181817,0.3030000000000008,1.144000000000002,0.0842242810027536,0.07983035508174727,0.18181818181818182,0.18181818181818182,16.619166666670935,3.800095642697088,1.0722043010755442,0.9906678341432336,0.9496666666669106,0.9498042774576808,2.077395833333867,0.6818728022013101,3.323833333334187,0.4021857171763561,2.2079378872304978,0.0703125,0.0390625,0.9054722508149822,13.168092127648583,0.7943956951795564,0.5727735710002371,0.8300915191757233,20.095170880617417,0.24876951909661527,0.3984002007992245,12.3021648292343,0.18272222845299335,-0.8653482445677745,0.4442452068170019,19.718355087473014,0.010563250440398525,0.8253174381076154,0.5295000000000005,0.2892137735338926,0.2,0.0,0.3939844390855845,3.668707166758777,1.059000000000001,0.7920000000000016,0.39099999999999824,0.50700812118823,-0.07872050691646468,0.011386815779807777,1.2059542349690442,-0.0836595117907961,0.014496772878758514,0.14260399806210558,0.14069877242681847,0.4324834749763942,1.5151515151769257,20.0031,0.21250000000000036,0.6935000000000002,0.05316131623202234,0.03975803820185244,0.3,0.4,22.206666666655412,3.250093046439412,1.0574603174597816,1.8667641346184416,2.847008547007104,1.1718597706669382,1.542129629628848,1.1041536961513678,0.9490028490023681,0.8131283518643585,1.6493743609344482,0.046875,0.0234375,0.7453857693218771,6.382376813845834,0.6431439682871736,0.3054942989102527,0.81393148822218,19.949355345511822,0.20309882274067248,0.3903138629513246,2.887450393378389,0.0580520944995583,-0.04604035193385325,0.2640090103163637,6.717068205739104,0.0331107875691099,0.8581414736673365,0.2654660046100616,-0.0062795202247798,0.2603650093078613,1.4643900394439695,0.9860039949417114,4.1266699554398656e-05,5.9262500144541264e-05,5.963529838481918e-05,3.660979986190796,8.963979721069336,0.2139759957790374,-0.0125786997377872,0.2057839930057525,1.5006200075149536,0.9509080052375792,9.42207989282906e-05,0.0001327500067418,0.0001376849977532,3.7515599727630615,9.6393404006958,0.1705529987812042,-0.0095447702333331,0.1610849946737289,1.6751699447631836,0.910869002342224,0.0001320960000157,0.0001893269945867,0.0002085890009766,4.187930107116699,7.642819881439209,0.2198179960250854,-0.0090630901977419,0.2129520028829574,1.4970500469207764,0.946628987789154,0.0001836669980548,0.0002484679862391,0.0002515370142646,3.742630004882813,9.176859855651855,0.1706790030002594,-0.0101669998839497,0.16873599588871,1.2537100315093994,0.8839370012283325,0.000197080997168,0.000280868000118,0.0002727170067373,3.134269952774048,12.143099784851074,0.2952003479003906,0.0067996978759765625,0.03960037231444957,0.10519981384277344,0.013299942016601562,-0.03199958801269531,7.607756945321397,0.023460441326501724,0.0,0.0,0.0,0.0,0.0,0.0,0.0,0.0,0.0,0.0,0.0,0.0,0.0,0.0,0.0,0.0,0.0,0.0,0.0,0.0,0.0,0.0,0.0,0.0,0.0,1.0,0.0
2020tri,21,59086.193,0.8620000000000001,0.5492360915594279,0.4166666666666667,0.0,0.38839597065653186,16.07554087156327,1.7240000000000002,1.6091998805999737,0.7890000000000015,-0.15435771863750425,-0.10507078439127802,0.009789671768826527,3.1366830093833475,-0.1451060242115341,0.021063724033853027,0.25362995879830186,0.14048958684480026,0.6083979001705979,6.8863636372382135,20.315083333333334,0.4344999999999999,1.2510000000000012,0.08465618661940338,0.07977789304446847,0.0,0.3333333333333333,21.814545454544717,3.8300231063024173,3.4444019138754816,0.7431250596293819,2.111085043988198,0.6778347302794171,1.090727272727236,0.5601096001704546,1.8698181818181185,0.1548905166335285,2.3340182371186815,0.078125,0.0390625,0.9493283140688931,13.323659450541188,0.8627833419391606,0.5796632969912686,0.8367820022346939,20.05779755321301,0.3317173803663687,0.40847711988119567,14.789249071431097,0.18028241882540927,-1.0882025717849513,0.44048443928631964,20.180390067153137,-0.10515418510243961,0.8273251702230935,0.5295000000000005,0.2892137735338926,0.2,0.0,0.3939844390855845,3.668707166758777,1.059000000000001,0.7920000000000016,0.39099999999999824,0.50700812118823,-0.07872050691646468,0.011386815779807777,1.2059542349690442,-0.0836595117907961,0.014496772878758514,0.14260399806210558,0.14069877242681847,0.4324834749763942,1.5151515151769257,20.0031,0.21250000000000036,0.6935000000000002,0.05316131623202234,0.03975803820185244,0.3,0.4,22.206666666655412,3.250093046439412,1.0574603174597816,1.8667641346184416,2.847008547007104,1.1718597706669382,1.542129629628848,1.1041536961513678,0.9490028490023681,0.8131283518643585,1.6493743609344482,0.046875,0.0234375,0.7453857693218771,6.382376813845834,0.6431439682871736,0.3054942989102527,0.81393148822218,19.949355345511822,0.20309882274067248,0.3903138629513246,2.887450393378389,0.0580520944995583,-0.04604035193385325,0.2640090103163637,6.717068205739104,0.0331107875691099,0.8581414736673365,0.2654660046100616,-0.0062795202247798,0.2603650093078613,1.4643900394439695,0.9860039949417114,4.1266699554398656e-05,5.9262500144541264e-05,5.963529838481918e-05,3.660979986190796,8.963979721069336,0.2139759957790374,-0.0125786997377872,0.2057839930057525,1.5006200075149536,0.9509080052375792,9.42207989282906e-05,0.0001327500067418,0.0001376849977532,3.7515599727630615,9.6393404006958,0.1705529987812042,-0.0095447702333331,0.1610849946737289,1.6751699447631836,0.910869002342224,0.0001320960000157,0.0001893269945867,0.0002085890009766,4.187930107116699,7.642819881439209,0.2198179960250854,-0.0090630901977419,0.2129520028829574,1.4970500469207764,0.946628987789154,0.0001836669980548,0.0002484679862391,0.0002515370142646,3.742630004882813,9.176859855651855,0.1706790030002594,-0.0101669998839497,0.16873599588871,1.2537100315093994,0.8839370012283325,0.000197080997168,0.000280868000118,0.0002727170067373,3.134269952774048,12.143099784851074,0.2952003479003906,0.0067996978759765625,0.03960037231444957,0.10519981384277344,0.013299942016601562,-0.03199958801269531,7.607756945321397,0.023460441326501724,0.0,0.0,0.0,0.0,0.0,0.0,0.0,0.0,0.0,0.0,0.0,0.0,0.0,0.0,0.0,0.0,0.0,0.0,0.0,0.0,0.0,0.0,0.0,0.0,0.0,1.0,0.0
2020tri,22,59087.165,0.8620000000000001,0.5492360915594279,0.4166666666666667,0.0,0.38839597065653186,16.07554087156327,1.7240000000000002,1.6091998805999737,0.7890000000000015,-0.15435771863750425,-0.10507078439127802,0.009789671768826527,3.1366830093833475,-0.1451060242115341,0.021063724033853027,0.25362995879830186,0.14048958684480026,0.6083979001705979,6.8863636372382135,20.315083333333334,0.4344999999999999,1.2510000000000012,0.08465618661940338,0.07977789304446847,0.0,0.3333333333333333,21.814545454544717,3.8300231063024173,3.4444019138754816,0.7431250596293819,2.111085043988198,0.6778347302794171,1.090727272727236,0.5601096001704546,1.8698181818181185,0.1548905166335285,2.3340182371186815,0.078125,0.0390625,0.9493283140688931,13.323659450541188,0.8627833419391606,0.5796632969912686,0.8367820022346939,20.05779755321301,0.3317173803663687,0.40847711988119567,14.789249071431097,0.18028241882540927,-1.0882025717849513,0.44048443928631964,20.180390067153137,-0.10515418510243961,0.8273251702230935,0.5295000000000005,0.29621387609604527,0.2727272727272727,0.09090909090909091,0.3895822882232446,2.9941309848730437,1.059000000000001,0.8225998575687399,0.45449999999999946,0.2615289265967977,-0.07695081071707958,0.01024276407933801,1.0860217766736644,-0.08097091945338884,0.011986093335369975,0.13562658170652525,0.08313295480178243,0.5293948192082193,1.5151515151769257,19.964363636363636,0.23699999999999832,0.7089999999999996,0.05221300822830294,0.04132629276909017,0.2727272727272727,0.36363636363636365,24.136199999995007,3.582560502314521,1.0403534482756467,0.9213164503553315,3.017024999999376,0.6101095459426226,6.351631578946054,0.34789892732338124,1.508512499999688,0.08270061571904318,2.175727580811858,0.078125,0.03125,0.8527529007218491,6.621485290729669,0.6601709840965118,0.3170168048313126,0.8141701161107754,19.92197222231499,0.22182289980028272,0.38243932779367523,2.2208226593828924,0.061817420823950864,-0.5732475267511354,0.271608861020274,7.009651862539026,-0.05227487482890751,0.8681338868505333,0.2654660046100616,-0.0062795202247798,0.2603650093078613,1.4643900394439695,0.9860039949417114,4.1266699554398656e-05,5.9262500144541264e-05,5.963529838481918e-05,3.660979986190796,8.963979721069336,0.2139759957790374,-0.0125786997377872,0.2057839930057525,1.5006200075149536,0.9509080052375792,9.42207989282906e-05,0.0001327500067418,0.0001376849977532,3.7515599727630615,9.6393404006958,0.1705529987812042,-0.0095447702333331,0.1610849946737289,1.6751699447631836,0.910869002342224,0.0001320960000157,0.0001893269945867,0.0002085890009766,4.187930107116699,7.642819881439209,0.2198179960250854,-0.0090630901977419,0.2129520028829574,1.4970500469207764,0.946628987789154,0.0001836669980548,0.0002484679862391,0.0002515370142646,3.742630004882813,9.176859855651855,0.1706790030002594,-0.0101669998839497,0.16873599588871,1.2537100315093994,0.8839370012283325,0.000197080997168,0.000280868000118,0.0002727170067373,3.134269952774048,12.143099784851074,0.2952003479003906,0.0067996978759765625,0.03960037231444957,0.10519981384277344,0.013299942016601562,-0.03199958801269531,7.607756945321397,0.023460441326501724,0.0,0.0,0.0,0.0,0.0,0.0,0.0,0.0,0.0,0.0,0.0,0.0,0.0,0.0,0.0,0.0,0.0,0.0,0.0,0.0,0.0,0.0,0.0,0.0,0.0,1.0,0.0
2020tri,23,59088.184,0.8620000000000001,0.5492360915594279,0.4166666666666667,0.0,0.38839597065653186,16.07554087156327,1.7240000000000002,1.6091998805999737,0.7890000000000015,-0.15435771863750425,-0.10507078439127802,0.009789671768826527,3.1366830093833475,-0.1451060242115341,0.021063724033853027,0.25362995879830186,0.14048958684480026,0.6083979001705979,6.8863636372382135,20.315083333333334,0.4344999999999999,1.2510000000000012,0.08465618661940338,0.07977789304446847,0.0,0.3333333333333333,21.814545454544717,3.8300231063024173,3.4444019138754816,0.7431250596293819,2.111085043988198,0.6778347302794171,1.090727272727236,0.5601096001704546,1.8698181818181185,0.1548905166335285,2.3340182371186815,0.078125,0.0390625,0.9493283140688931,13.323659450541188,0.8627833419391606,0.5796632969912686,0.8367820022346939,20.05779755321301,0.3317173803663687,0.40847711988119567,14.789249071431097,0.18028241882540927,-1.0882025717849513,0.44048443928631964,20.180390067153137,-0.10515418510243961,0.8273251702230935,0.5295000000000005,0.34818838587925455,0.25,0.08333333333333333,0.38663388980385993,2.752838898325967,1.059000000000001,0.7831997151374779,0.48499999999999943,0.34624442748862894,-0.07327468637860382,0.009695737535729172,1.1013219269338017,-0.07310802412688597,0.011033560089372054,0.14173228442649347,0.08366027033124172,0.5462927401031424,1.5151515151769257,19.940083333333334,0.2345000000000006,0.7240000000000002,0.05126193351275729,0.03937655681938049,0.25,0.3333333333333333,26.159999999995556,3.9549844913413432,1.0721311475408015,0.5331860501481306,6.539999999998889,0.4102515067141774,2.8434782608690825,0.19731775671936122,1.6148148148145405,0.18622476653613257,2.1347028348048696,0.078125,0.0390625,0.8725672580027494,6.193427305668266,0.7996894599297447,0.3137478600675546,0.8117226151458786,19.913699935768637,0.2177072363380985,0.37992360274146464,2.040634465640016,0.05581052637297857,-0.674408679939464,0.2639624861284501,6.635054805518643,-0.23979433066663774,0.8693952626731078,0.2654660046100616,-0.0062795202247798,0.2603650093078613,1.4643900394439695,0.9860039949417114,4.1266699554398656e-05,5.9262500144541264e-05,5.963529838481918e-05,3.660979986190796,8.963979721069336,0.2139759957790374,-0.0125786997377872,0.2057839930057525,1.5006200075149536,0.9509080052375792,9.42207989282906e-05,0.0001327500067418,0.0001376849977532,3.7515599727630615,9.6393404006958,0.1705529987812042,-0.0095447702333331,0.1610849946737289,1.6751699447631836,0.910869002342224,0.0001320960000157,0.0001893269945867,0.0002085890009766,4.187930107116699,7.642819881439209,0.2198179960250854,-0.0090630901977419,0.2129520028829574,1.4970500469207764,0.946628987789154,0.0001836669980548,0.0002484679862391,0.0002515370142646,3.742630004882813,9.176859855651855,0.1706790030002594,-0.0101669998839497,0.16873599588871,1.2537100315093994,0.8839370012283325,0.000197080997168,0.000280868000118,0.0002727170067373,3.134269952774048,12.143099784851074,0.2952003479003906,0.0067996978759765625,0.03960037231444957,0.10519981384277344,0.013299942016601562,-0.03199958801269531,7.607756945321397,0.023460441326501724,0.0,0.0,0.0,0.0,0.0,0.0,0.0,0.0,0.0,0.0,0.0,0.0,0.0,0.0,0.0,0.0,0.0,0.0,0.0,0.0,0.0,0.0,0.0,0.0,0.0,1.0,0.0
2020tri,24,59089.142,0.8620000000000001,0.5492360915594279,0.4166666666666667,0.0,0.38839597065653186,16.07554087156327,1.7240000000000002,1.6091998805999737,0.7890000000000015,-0.15435771863750425,-0.10507078439127802,0.009789671768826527,3.1366830093833475,-0.1451060242115341,0.021063724033853027,0.25362995879830186,0.14048958684480026,0.6083979001705979,6.8863636372382135,20.315083333333334,0.4344999999999999,1.2510000000000012,0.08465618661940338,0.07977789304446847,0.0,0.3333333333333333,21.814545454544717,3.8300231063024173,3.4444019138754816,0.7431250596293819,2.111085043988198,0.6778347302794171,1.090727272727236,0.5601096001704546,1.8698181818181185,0.1548905166335285,2.3340182371186815,0.078125,0.0390625,0.9493283140688931,13.323659450541188,0.8627833419391606,0.5796632969912686,0.8367820022346939,20.05779755321301,0.3317173803663687,0.40847711988119567,14.789249071431097,0.18028241882540927,-1.0882025717849513,0.44048443928631964,20.180390067153137,-0.10515418510243961,0.8273251702230935,0.5295000000000005,0.413137317517127,0.3076923076923077,0.07692307692307693,0.38045828281659316,2.676338219400173,1.059000000000001,0.7437999274730664,0.45500000000000185,0.6646306804559265,-0.06709160601372983,0.009156333644448629,1.342979631266475,-0.062230415780791276,0.011396092987901837,0.16413366169521845,0.09390941062304448,0.5330534564241551,1.5151515151769257,19.92969230769231,0.20200000000000173,0.7390000000000008,0.050309423212735176,0.03742389572191529,0.23076923076923078,0.38461538461538464,20.038571428566296,4.082596981042554,1.0546616541350682,2.956972089358606,0.9542176870745854,2.3727869322756128,0.5918565400842365,0.7658906489479087,0.6234222222220624,0.7076473372295073,2.2364885634538396,0.08203125,0.0234375,0.8909741497455302,5.705228786753612,0.9167669042357874,0.3027180714282365,0.7948654539312685,19.910491486606347,0.22524277592771957,0.373041778669975,2.0120595637436,0.048382957219690874,-0.4530183719785108,0.25222945715858824,6.173818236885037,-0.33753086140336797,0.8605355631496394,0.2654660046100616,-0.0062795202247798,0.2603650093078613,1.4643900394439695,0.9860039949417114,4.1266699554398656e-05,5.9262500144541264e-05,5.963529838481918e-05,3.660979986190796,8.963979721069336,0.2139759957790374,-0.0125786997377872,0.2057839930057525,1.5006200075149536,0.9509080052375792,9.42207989282906e-05,0.0001327500067418,0.0001376849977532,3.7515599727630615,9.6393404006958,0.1705529987812042,-0.0095447702333331,0.1610849946737289,1.6751699447631836,0.910869002342224,0.0001320960000157,0.0001893269945867,0.0002085890009766,4.187930107116699,7.642819881439209,0.2198179960250854,-0.0090630901977419,0.2129520028829574,1.4970500469207764,0.946628987789154,0.0001836669980548,0.0002484679862391,0.0002515370142646,3.742630004882813,9.176859855651855,0.1706790030002594,-0.0101669998839497,0.16873599588871,1.2537100315093994,0.8839370012283325,0.000197080997168,0.000280868000118,0.0002727170067373,3.134269952774048,12.143099784851074,0.2952003479003906,0.0067996978759765625,0.03960037231444957,0.10519981384277344,0.013299942016601562,-0.03199958801269531,7.607756945321397,0.023460441326501724,0.0,0.0,0.0,0.0,0.0,0.0,0.0,0.0,0.0,0.0,0.0,0.0,0.0,0.0,0.0,0.0,0.0,0.0,0.0,0.0,0.0,0.0,0.0,0.0,0.0,1.0,0.0
2020tri,25,59093.151,0.8620000000000001,0.6064430991118618,0.38461538461538464,0.07692307692307693,0.3798516962270405,33.527529519471145,1.7240000000000002,1.5927999696731554,0.6930000000000014,0.1742101443303592,-0.07752825798567681,0.008516946568088333,5.811396301167651,-0.07009338491409141,0.024134992413856395,0.43735701204093475,0.13245852562199295,0.5546663968738293,6.8863636372382135,20.303384615384616,0.41799999999999926,1.2590000000000003,0.0842830883524269,0.07899617961975675,0.07692307692307693,0.38461538461538464,29.336666666664055,3.7109195469159664,17.11305555555403,3.5157416388975933,0.9596105919002261,1.2732565611572957,1.0585395189002493,1.234582571730391,3.3665027322401375,1.0894018153992122,2.2047965550374324,0.05078125,0.03515625,0.8948536343859372,12.2322289753222,0.9523830247598821,0.5565859530000042,0.8128926983562649,20.059743212962832,0.3124301509048252,0.39604079053556623,31.017629627200638,0.16126721986234777,-0.8591534113827266,0.4209211316161358,18.54171339398994,-0.12561366046688377,0.8057388740432734,0.5295000000000005,0.413137317517127,0.3076923076923077,0.07692307692307693,0.38045828281659316,2.676338219400173,1.059000000000001,0.7437999274730664,0.45500000000000185,0.6646306804559265,-0.06709160601372983,0.009156333644448629,1.342979631266475,-0.062230415780791276,0.011396092987901837,0.16413366169521845,0.09390941062304448,0.5330534564241551,1.5151515151769257,19.92969230769231,0.20200000000000173,0.7390000000000008,0.050309423212735176,0.03742389572191529,0.23076923076923078,0.38461538461538464,20.038571428566296,4.082596981042554,1.0546616541350682,2.956972089358606,0.9542176870745854,2.3727869322756128,0.5918565400842365,0.7658906489479087,0.6234222222220624,0.7076473372295073,2.2364885634538396,0.08203125,0.0234375,0.8909741497455302,5.705228786753612,0.9167669042357874,0.3027180714282365,0.7948654539312685,19.910491486606347,0.22524277592771957,0.373041778669975,2.0120595637436,0.048382957219690874,-0.4530183719785108,0.25222945715858824,6.173818236885037,-0.33753086140336797,0.8605355631496394,0.2654660046100616,-0.0062795202247798,0.2603650093078613,1.4643900394439695,0.9860039949417114,4.1266699554398656e-05,5.9262500144541264e-05,5.963529838481918e-05,3.660979986190796,8.963979721069336,0.2139759957790374,-0.0125786997377872,0.2057839930057525,1.5006200075149536,0.9509080052375792,9.42207989282906e-05,0.0001327500067418,0.0001376849977532,3.7515599727630615,9.6393404006958,0.1705529987812042,-0.0095447702333331,0.1610849946737289,1.6751699447631836,0.910869002342224,0.0001320960000157,0.0001893269945867,0.0002085890009766,4.187930107116699,7.642819881439209,0.2198179960250854,-0.0090630901977419,0.2129520028829574,1.4970500469207764,0.946628987789154,0.0001836669980548,0.0002484679862391,0.0002515370142646,3.742630004882813,9.176859855651855,0.1706790030002594,-0.0101669998839497,0.16873599588871,1.2537100315093994,0.8839370012283325,0.000197080997168,0.000280868000118,0.0002727170067373,3.134269952774048,12.143099784851074,0.2952003479003906,0.0067996978759765625,0.03960037231444957,0.10519981384277344,0.013299942016601562,-0.03199958801269531,7.607756945321397,0.023460441326501724,0.0,0.0,0.0,0.0,0.0,0.0,0.0,0.0,0.0,0.0,0.0,0.0,0.0,0.0,0.0,0.0,0.0,0.0,0.0,0.0,0.0,0.0,0.0,0.0,0.0,1.0,0.0
2020tri,26,59093.208,0.8620000000000001,0.6064430991118618,0.38461538461538464,0.07692307692307693,0.3798516962270405,33.527529519471145,1.7240000000000002,1.5927999696731554,0.6930000000000014,0.1742101443303592,-0.07752825798567681,0.008516946568088333,5.811396301167651,-0.07009338491409141,0.024134992413856395,0.43735701204093475,0.13245852562199295,0.5546663968738293,6.8863636372382135,20.303384615384616,0.41799999999999926,1.2590000000000003,0.0842830883524269,0.07899617961975675,0.07692307692307693,0.38461538461538464,29.336666666664055,3.7109195469159664,17.11305555555403,3.5157416388975933,0.9596105919002261,1.2732565611572957,1.0585395189002493,1.234582571730391,3.3665027322401375,1.0894018153992122,2.2047965550374324,0.05078125,0.03515625,0.8948536343859372,12.2322289753222,0.9523830247598821,0.5565859530000042,0.8128926983562649,20.059743212962832,0.3124301509048252,0.39604079053556623,31.017629627200638,0.16126721986234777,-0.8591534113827266,0.4209211316161358,18.54171339398994,-0.12561366046688377,0.8057388740432734,0.5295000000000005,0.5087591716623524,0.35714285714285715,0.07142857142857142,0.3744380082794101,3.873723768766028,1.059000000000001,0.7043997876644141,0.4250000000000007,0.9746653336921316,-0.0574443553701262,0.00832631003773249,1.7655408096215062,-0.04649991299721012,0.011127128494800036,0.19477524821511222,0.09671496875801451,0.5192817288525384,1.5151515151769257,19.91971428571429,0.15600000000000058,0.7630000000000017,0.04937786868246591,0.03548434777413804,0.21428571428571427,0.42857142857142855,26.17538461537781,4.678332568007795,1.0470153846151122,2.07308374374694,0.9593072895688203,1.4706925315858397,6.786210826209061,0.6648590438884538,2.694524886877127,0.4157943625556094,2.3383407637378855,0.0546875,0.02734375,0.8355994118421837,5.291121837814381,1.0286009754335985,0.2932285610423874,0.7799717208065424,19.90779318247888,0.2653066320208213,0.3667311911737839,2.924802815026734,0.0414785000392878,-0.2430899864880498,0.24207231746128738,5.770510703750639,-0.4368315019663666,0.8515801793178422,0.2654660046100616,-0.0062795202247798,0.2603650093078613,1.4643900394439695,0.9860039949417114,4.1266699554398656e-05,5.9262500144541264e-05,5.963529838481918e-05,3.660979986190796,8.963979721069336,0.2139759957790374,-0.0125786997377872,0.2057839930057525,1.5006200075149536,0.9509080052375792,9.42207989282906e-05,0.0001327500067418,0.0001376849977532,3.7515599727630615,9.6393404006958,0.1705529987812042,-0.0095447702333331,0.1610849946737289,1.6751699447631836,0.910869002342224,0.0001320960000157,0.0001893269945867,0.0002085890009766,4.187930107116699,7.642819881439209,0.2198179960250854,-0.0090630901977419,0.2129520028829574,1.4970500469207764,0.946628987789154,0.0001836669980548,0.0002484679862391,0.0002515370142646,3.742630004882813,9.176859855651855,0.1706790030002594,-0.0101669998839497,0.16873599588871,1.2537100315093994,0.8839370012283325,0.000197080997168,0.000280868000118,0.0002727170067373,3.134269952774048,12.143099784851074,0.2952003479003906,0.0067996978759765625,0.03960037231444957,0.10519981384277344,0.013299942016601562,-0.03199958801269531,7.607756945321397,0.023460441326501724,0.0,0.0,0.0,0.0,0.0,0.0,0.0,0.0,0.0,0.0,0.0,0.0,0.0,0.0,0.0,0.0,0.0,0.0,0.0,0.0,0.0,0.0,0.0,0.0,0.0,1.0,0.0
2020tri,27,59094.154,0.8620000000000001,0.6064430991118618,0.38461538461538464,0.07692307692307693,0.3798516962270405,33.527529519471145,1.7240000000000002,1.5927999696731554,0.6930000000000014,0.1742101443303592,-0.07752825798567681,0.008516946568088333,5.811396301167651,-0.07009338491409141,0.024134992413856395,0.43735701204093475,0.13245852562199295,0.5546663968738293,6.8863636372382135,20.303384615384616,0.41799999999999926,1.2590000000000003,0.0842830883524269,0.07899617961975675,0.07692307692307693,0.38461538461538464,29.336666666664055,3.7109195469159664,17.11305555555403,3.5157416388975933,0.9596105919002261,1.2732565611572957,1.0585395189002493,1.234582571730391,3.3665027322401375,1.0894018153992122,2.2047965550374324,0.05078125,0.03515625,0.8948536343859372,12.2322289753222,0.9523830247598821,0.5565859530000042,0.8128926983562649,20.059743212962832,0.3124301509048252,0.39604079053556623,31.017629627200638,0.16126721986234777,-0.8591534113827266,0.4209211316161358,18.54171339398994,-0.12561366046688377,0.8057388740432734,0.5295000000000005,0.38380257483704583,0.3333333333333333,0.06666666666666667,0.37977551839451656,3.7792487162075448,1.059000000000001,0.6649999999999991,0.3822499999999991,0.9687524443571203,-0.048735636444053654,0.0077869983361864015,2.301067054682539,-0.03177511846509834,0.011609461001039536,0.23505923700414047,0.10879750130140352,0.5049453409682453,1.5151515151769257,19.928,0.16900000000000048,0.7390000000000008,0.048327044025157216,0.0334591194968553,0.2,0.4,24.05357142857026,4.673641780596892,1.0515222482435087,2.195940046633988,0.9573560767590154,1.8619387471510858,3.0544217687073347,0.47490780794544807,1.644688644688565,0.44413134154288075,2.517554252215674,0.05078125,0.02734375,0.8973948110379253,4.934559356304464,0.9415927894947559,0.28437852038637335,0.7708218714638815,19.90996290513691,0.17912356723867007,0.37686602662924235,2.8706094048001503,0.037779738617448905,-0.2528557869772379,0.23805192595389163,5.359593799531891,-0.3162200605416916,0.8268860700442398,0.2654660046100616,-0.0062795202247798,0.2603650093078613,1.4643900394439695,0.9860039949417114,4.1266699554398656e-05,5.9262500144541264e-05,5.963529838481918e-05,3.660979986190796,8.963979721069336,0.2139759957790374,-0.0125786997377872,0.2057839930057525,1.5006200075149536,0.9509080052375792,9.42207989282906e-05,0.0001327500067418,0.0001376849977532,3.7515599727630615,9.6393404006958,0.1705529987812042,-0.0095447702333331,0.1610849946737289,1.6751699447631836,0.910869002342224,0.0001320960000157,0.0001893269945867,0.0002085890009766,4.187930107116699,7.642819881439209,0.2198179960250854,-0.0090630901977419,0.2129520028829574,1.4970500469207764,0.946628987789154,0.0001836669980548,0.0002484679862391,0.0002515370142646,3.742630004882813,9.176859855651855,0.1706790030002594,-0.0101669998839497,0.16873599588871,1.2537100315093994,0.8839370012283325,0.000197080997168,0.000280868000118,0.0002727170067373,3.134269952774048,12.143099784851074,0.2952003479003906,0.0067996978759765625,0.03960037231444957,0.10519981384277344,0.013299942016601562,-0.03199958801269531,7.607756945321397,0.023460441326501724,0.0,0.0,0.0,0.0,0.0,0.0,0.0,0.0,0.0,0.0,0.0,0.0,0.0,0.0,0.0,0.0,0.0,0.0,0.0,0.0,0.0,0.0,0.0,0.0,0.0,1.0,0.0
2020tri,28,59094.26,0.8620000000000001,0.6064430991118618,0.38461538461538464,0.07692307692307693,0.3798516962270405,33.527529519471145,1.7240000000000002,1.5927999696731554,0.6930000000000014,0.1742101443303592,-0.07752825798567681,0.008516946568088333,5.811396301167651,-0.07009338491409141,0.024134992413856395,0.43735701204093475,0.13245852562199295,0.5546663968738293,6.8863636372382135,20.303384615384616,0.41799999999999926,1.2590000000000003,0.0842830883524269,0.07899617961975675,0.07692307692307693,0.38461538461538464,29.336666666664055,3.7109195469159664,17.11305555555403,3.5157416388975933,0.9596105919002261,1.2732565611572957,1.0585395189002493,1.234582571730391,3.3665027322401375,1.0894018153992122,2.2047965550374324,0.05078125,0.03515625,0.8948536343859372,12.2322289753222,0.9523830247598821,0.5565859530000042,0.8128926983562649,20.059743212962832,0.3124301509048252,0.39604079053556623,31.017629627200638,0.16126721986234777,-0.8591534113827266,0.4209211316161358,18.54171339398994,-0.12561366046688377,0.8057388740432734,0.5295000000000005,0.3657742350720155,0.3125,0.0625,0.3718596466207508,4.294198151574502,1.059000000000001,0.6529999885559086,0.339500000000001,1.190606619904215,-0.038015623211463935,0.006946186041579699,2.7993287683207586,-0.02547724942155339,0.010707327453783878,0.24002384413000033,0.11989797251704748,0.49000855367138096,1.5151515151769257,19.9295,0.16350000000000087,0.7240000000000002,0.0473001472490886,0.03283056754931667,0.1875,0.4375,24.08799999999853,4.827963858584125,1.047304347826023,2.3043967452479084,0.9587263681591454,1.9548473280649987,1.6058666666665686,0.47760991301038713,3.108129032257875,0.45863052823384676,2.6098338847799076,0.05078125,0.02734375,0.906355937310044,4.609532506457108,0.9460043397780029,0.2748012615206369,0.7543169877793273,19.911330539040858,0.16008149303240474,0.373772345567573,3.4910445499191836,0.03417285513346249,-0.09250614398706869,0.23106418384171143,5.0099067510491695,-0.2762720784360479,0.8087260031960259,0.2654660046100616,-0.0062795202247798,0.2603650093078613,1.4643900394439695,0.9860039949417114,4.1266699554398656e-05,5.9262500144541264e-05,5.963529838481918e-05,3.660979986190796,8.963979721069336,0.2139759957790374,-0.0125786997377872,0.2057839930057525,1.5006200075149536,0.9509080052375792,9.42207989282906e-05,0.0001327500067418,0.0001376849977532,3.7515599727630615,9.6393404006958,0.1705529987812042,-0.0095447702333331,0.1610849946737289,1.6751699447631836,0.910869002342224,0.0001320960000157,0.0001893269945867,0.0002085890009766,4.187930107116699,7.642819881439209,0.2198179960250854,-0.0090630901977419,0.2129520028829574,1.4970500469207764,0.946628987789154,0.0001836669980548,0.0002484679862391,0.0002515370142646,3.742630004882813,9.176859855651855,0.1706790030002594,-0.0101669998839497,0.16873599588871,1.2537100315093994,0.8839370012283325,0.000197080997168,0.000280868000118,0.0002727170067373,3.134269952774048,12.143099784851074,0.2952003479003906,0.0067996978759765625,0.03960037231444957,0.10519981384277344,0.013299942016601562,-0.03199958801269531,7.607756945321397,0.023460441326501724,0.0,0.0,0.0,0.0,0.0,0.0,0.0,0.0,0.0,0.0,0.0,0.0,0.0,0.0,0.0,0.0,0.0,0.0,0.0,0.0,0.0,0.0,0.0,0.0,0.0,1.0,0.0
2020tri,29,59095.166,0.8620000000000001,0.6064430991118618,0.38461538461538464,0.07692307692307693,0.3798516962270405,33.527529519471145,1.7240000000000002,1.5927999696731554,0.6930000000000014,0.1742101443303592,-0.07752825798567681,0.008516946568088333,5.811396301167651,-0.07009338491409141,0.024134992413856395,0.43735701204093475,0.13245852562199295,0.5546663968738293,6.8863636372382135,20.303384615384616,0.41799999999999926,1.2590000000000003,0.0842830883524269,0.07899617961975675,0.07692307692307693,0.38461538461538464,29.336666666664055,3.7109195469159664,17.11305555555403,3.5157416388975933,0.9596105919002261,1.2732565611572957,1.0585395189002493,1.234582571730391,3.3665027322401375,1.0894018153992122,2.2047965550374324,0.05078125,0.03515625,0.8948536343859372,12.2322289753222,0.9523830247598821,0.5565859530000042,0.8128926983562649,20.059743212962832,0.3124301509048252,0.39604079053556623,31.017629627200638,0.16126721986234777,-0.8591534113827266,0.4209211316161358,18.54171339398994,-0.12561366046688377,0.8057388740432734,0.5295000000000005,0.40667247473974283,0.29411764705882354,0.058823529411764705,0.36061189136303967,4.163363042515794,1.059000000000001,0.6409999771118144,0.29675000000000296,1.4450511403019122,-0.030794057501360887,0.006270289024123566,3.001909067020806,-0.021411805395100243,0.009753090066886128,0.23906895379483614,0.09846923763764395,0.4744328437407459,1.5151515151769257,19.929117647058824,0.13899999999999935,0.7089999999999996,0.04627479816974334,0.03220296292950588,0.29411764705882354,0.4117647058823529,22.397499999993265,5.077729312268495,1.0444430051810332,2.1384909118626485,0.9598928571425684,1.2948276817777065,3.054204545453627,0.5621676518314359,1.4821874999995543,0.4830599780758994,2.657166866770746,0.0546875,0.03125,0.8936237085000632,4.321725221906157,0.9737208773461831,0.26607984759112774,0.7339463515972154,19.911702455715105,0.19158617903658556,0.3657941996491042,3.3848141227902113,0.030684007938908155,0.09534264250813607,0.2239775093663488,4.714119244086323,-0.2682342038220027,0.7959019661716822,0.2654660046100616,-0.0062795202247798,0.2603650093078613,1.4643900394439695,0.9860039949417114,4.1266699554398656e-05,5.9262500144541264e-05,5.963529838481918e-05,3.660979986190796,8.963979721069336,0.2139759957790374,-0.0125786997377872,0.2057839930057525,1.5006200075149536,0.9509080052375792,9.42207989282906e-05,0.0001327500067418,0.0001376849977532,3.7515599727630615,9.6393404006958,0.1705529987812042,-0.0095447702333331,0.1610849946737289,1.6751699447631836,0.910869002342224,0.0001320960000157,0.0001893269945867,0.0002085890009766,4.187930107116699,7.642819881439209,0.2198179960250854,-0.0090630901977419,0.2129520028829574,1.4970500469207764,0.946628987789154,0.0001836669980548,0.0002484679862391,0.0002515370142646,3.742630004882813,9.176859855651855,0.1706790030002594,-0.0101669998839497,0.16873599588871,1.2537100315093994,0.8839370012283325,0.000197080997168,0.000280868000118,0.0002727170067373,3.134269952774048,12.143099784851074,0.2952003479003906,0.0067996978759765625,0.03960037231444957,0.10519981384277344,0.013299942016601562,-0.03199958801269531,7.607756945321397,0.023460441326501724,0.0,0.0,0.0,0.0,0.0,0.0,0.0,0.0,0.0,0.0,0.0,0.0,0.0,0.0,0.0,0.0,0.0,0.0,0.0,0.0,0.0,0.0,0.0,0.0,0.0,1.0,0.0
2020tri,30,59096.26,0.8620000000000001,0.6064430991118618,0.38461538461538464,0.07692307692307693,0.3798516962270405,33.527529519471145,1.7240000000000002,1.5927999696731554,0.6930000000000014,0.1742101443303592,-0.07752825798567681,0.008516946568088333,5.811396301167651,-0.07009338491409141,0.024134992413856395,0.43735701204093475,0.13245852562199295,0.5546663968738293,6.8863636372382135,20.303384615384616,0.41799999999999926,1.2590000000000003,0.0842830883524269,0.07899617961975675,0.07692307692307693,0.38461538461538464,29.336666666664055,3.7109195469159664,17.11305555555403,3.5157416388975933,0.9596105919002261,1.2732565611572957,1.0585395189002493,1.234582571730391,3.3665027322401375,1.0894018153992122,2.2047965550374324,0.05078125,0.03515625,0.8948536343859372,12.2322289753222,0.9523830247598821,0.5565859530000042,0.8128926983562649,20.059743212962832,0.3124301509048252,0.39604079053556623,31.017629627200638,0.16126721986234777,-0.8591534113827266,0.4209211316161358,18.54171339398994,-0.12561366046688377,0.8057388740432734,0.5295000000000005,0.34697302069229097,0.3333333333333333,0.05555555555555555,0.3745786314500613,3.8206024031036137,1.059000000000001,0.6823999176025382,0.3520000000000003,0.5801575404197141,-0.01328630707956948,0.005319819942095158,4.553352280311463,-0.012733363354709242,0.010081345088911684,0.26848580682281487,0.08644102101381987,0.52392754074058,1.5151515151769257,19.950166666666668,0.16350000000000087,0.6999999999999993,0.04659034427754114,0.03426734546562911,0.2777777777777778,0.3333333333333333,21.246352941175296,5.340600804472383,1.0466183714864679,1.99104708425329,0.9570429252781665,1.5239921761177178,6.438288770053121,1.0370993800276187,2.910459307010315,0.7298287388645197,2.8512614030752026,0.0390625,0.03125,0.925223065943775,4.652423296613129,0.7568995489842445,0.2731464270098282,0.7607068030260322,19.93454214545571,0.1769073067048047,0.3792996389471815,3.1223267503518075,0.0351461915764306,-0.29260913786977794,0.23355002053509594,4.862311344525173,-0.14477874022114112,0.8237912074689128,0.2654660046100616,-0.0062795202247798,0.2603650093078613,1.4643900394439695,0.9860039949417114,4.1266699554398656e-05,5.9262500144541264e-05,5.963529838481918e-05,3.660979986190796,8.963979721069336,0.2139759957790374,-0.0125786997377872,0.2057839930057525,1.5006200075149536,0.9509080052375792,9.42207989282906e-05,0.0001327500067418,0.0001376849977532,3.7515599727630615,9.6393404006958,0.1705529987812042,-0.0095447702333331,0.1610849946737289,1.6751699447631836,0.910869002342224,0.0001320960000157,0.0001893269945867,0.0002085890009766,4.187930107116699,7.642819881439209,0.2198179960250854,-0.0090630901977419,0.2129520028829574,1.4970500469207764,0.946628987789154,0.0001836669980548,0.0002484679862391,0.0002515370142646,3.742630004882813,9.176859855651855,0.1706790030002594,-0.0101669998839497,0.16873599588871,1.2537100315093994,0.8839370012283325,0.000197080997168,0.000280868000118,0.0002727170067373,3.134269952774048,12.143099784851074,0.2952003479003906,0.0067996978759765625,0.03960037231444957,0.10519981384277344,0.013299942016601562,-0.03199958801269531,7.607756945321397,0.023460441326501724,0.0,0.0,0.0,0.0,0.0,0.0,0.0,0.0,0.0,0.0,0.0,0.0,0.0,0.0,0.0,0.0,0.0,0.0,0.0,0.0,0.0,0.0,0.0,0.0,0.0,1.0,0.0
2020tri,31,59098.31,0.8620000000000001,0.6064430991118618,0.38461538461538464,0.07692307692307693,0.3798516962270405,33.527529519471145,1.7240000000000002,1.5927999696731554,0.6930000000000014,0.1742101443303592,-0.07752825798567681,0.008516946568088333,5.811396301167651,-0.07009338491409141,0.024134992413856395,0.43735701204093475,0.13245852562199295,0.5546663968738293,6.8863636372382135,20.303384615384616,0.41799999999999926,1.2590000000000003,0.0842830883524269,0.07899617961975675,0.07692307692307693,0.38461538461538464,29.336666666664055,3.7109195469159664,17.11305555555403,3.5157416388975933,0.9596105919002261,1.2732565611572957,1.0585395189002493,1.234582571730391,3.3665027322401375,1.0894018153992122,2.2047965550374324,0.05078125,0.03515625,0.8948536343859372,12.2322289753222,0.9523830247598821,0.5565859530000042,0.8128926983562649,20.059743212962832,0.3124301509048252,0.39604079053556623,31.017629627200638,0.16126721986234777,-0.8591534113827266,0.4209211316161358,18.54171339398994,-0.12561366046688377,0.8057388740432734,0.6295000000000002,0.5893924255695584,0.21052631578947367,0.05263157894736842,0.375624368424701,2.704752555297761,1.2590000000000003,0.8762001190185522,0.4052499999999988,0.940432817196752,-0.006568849216315666,0.005082026276799714,5.358632925226396,0.0010916484805538165,0.011691893446537479,0.34078404544235624,0.06246227377353186,0.42783199385131093,1.5151515151769257,19.99563157894737,0.20599999999999952,0.8910000000000018,0.05817898146234851,0.04397932635740362,0.2631578947368421,0.42105263157894735,23.344666666660892,6.054456147564008,6.86607843137085,1.6563808406872018,0.9606858710560038,1.2232562889455845,1.046846038863717,1.0277616861972005,2.7791269841262967,0.636587867703494,3.108804840777753,0.03515625,0.02734375,0.9185862156397024,5.153749109301593,1.0358932912499126,0.3312674667137177,0.7812648142093183,19.94788171094816,0.21535843839731575,0.38117023919290877,2.578740491612716,0.05230015460398394,-0.23578808409597452,0.2689273458265984,5.808023496284972,-0.33440625369951227,0.8322309876232322,0.2654660046100616,-0.0062795202247798,0.2603650093078613,1.4643900394439695,0.9860039949417114,4.1266699554398656e-05,5.9262500144541264e-05,5.963529838481918e-05,3.660979986190796,8.963979721069336,0.2139759957790374,-0.0125786997377872,0.2057839930057525,1.5006200075149536,0.9509080052375792,9.42207989282906e-05,0.0001327500067418,0.0001376849977532,3.7515599727630615,9.6393404006958,0.1705529987812042,-0.0095447702333331,0.1610849946737289,1.6751699447631836,0.910869002342224,0.0001320960000157,0.0001893269945867,0.0002085890009766,4.187930107116699,7.642819881439209,0.2198179960250854,-0.0090630901977419,0.2129520028829574,1.4970500469207764,0.946628987789154,0.0001836669980548,0.0002484679862391,0.0002515370142646,3.742630004882813,9.176859855651855,0.1706790030002594,-0.0101669998839497,0.16873599588871,1.2537100315093994,0.8839370012283325,0.000197080997168,0.000280868000118,0.0002727170067373,3.134269952774048,12.143099784851074,0.2952003479003906,0.0067996978759765625,0.03960037231444957,0.10519981384277344,0.013299942016601562,-0.03199958801269531,7.607756945321397,0.023460441326501724,0.0,0.0,0.0,0.0,0.0,0.0,0.0,0.0,0.0,0.0,0.0,0.0,0.0,0.0,0.0,0.0,0.0,0.0,0.0,0.0,0.0,0.0,0.0,0.0,0.0,1.0,0.0
2020tri,32,59102.25,0.8620000000000001,0.5610279312989047,0.42857142857142855,0.0,0.4048253290959889,53.65234722887068,1.7240000000000002,1.5763999109268205,0.7089999999999996,-0.6821319876265535,-0.028771790172137216,0.0066764927955068306,12.411499244746869,-0.007991192959631941,0.021368860459087473,0.5976847605990521,0.13984154793428896,0.7085500889167218,6.8863636372382135,20.36171428571429,0.4164999999999992,1.2014999999999993,0.08363789371430028,0.07796048124066271,0.14285714285714285,0.35714285714285715,30.21307692307723,4.547804956919704,14.387179487179635,3.7072093966937825,3.513148479427585,1.3362421816189838,2.158076923076945,0.8989066369388832,9.441586538461635,0.387147686620316,2.6248500158500065,0.0625,0.0390625,0.9458026338543492,12.885312615829948,0.6755295714008055,0.5775733624492988,0.8290279326082104,20.077079517239493,0.34577661314949415,0.4052711291029127,50.58560699423849,0.18688592990384856,-1.0960726024785488,0.4512058590150002,18.89441457104318,0.0170609064220296,0.8400426143109083,0.6295000000000002,0.5893924255695584,0.21052631578947367,0.05263157894736842,0.375624368424701,2.704752555297761,1.2590000000000003,0.8762001190185522,0.4052499999999988,0.940432817196752,-0.006568849216315666,0.005082026276799714,5.358632925226396,0.0010916484805538165,0.011691893446537479,0.34078404544235624,0.06246227377353186,0.42783199385131093,1.5151515151769257,19.99563157894737,0.20599999999999952,0.8910000000000018,0.05817898146234851,0.04397932635740362,0.2631578947368421,0.42105263157894735,23.344666666660892,6.054456147564008,6.86607843137085,1.6563808406872018,0.9606858710560038,1.2232562889455845,1.046846038863717,1.0277616861972005,2.7791269841262967,0.636587867703494,3.108804840777753,0.03515625,0.02734375,0.9185862156397024,5.153749109301593,1.0358932912499126,0.3312674667137177,0.7812648142093183,19.94788171094816,0.21535843839731575,0.38117023919290877,2.578740491612716,0.05230015460398394,-0.23578808409597452,0.2689273458265984,5.808023496284972,-0.33440625369951227,0.8322309876232322,0.2654660046100616,-0.0062795202247798,0.2603650093078613,1.4643900394439695,0.9860039949417114,4.1266699554398656e-05,5.9262500144541264e-05,5.963529838481918e-05,3.660979986190796,8.963979721069336,0.2139759957790374,-0.0125786997377872,0.2057839930057525,1.5006200075149536,0.9509080052375792,9.42207989282906e-05,0.0001327500067418,0.0001376849977532,3.7515599727630615,9.6393404006958,0.1705529987812042,-0.0095447702333331,0.1610849946737289,1.6751699447631836,0.910869002342224,0.0001320960000157,0.0001893269945867,0.0002085890009766,4.187930107116699,7.642819881439209,0.2198179960250854,-0.0090630901977419,0.2129520028829574,1.4970500469207764,0.946628987789154,0.0001836669980548,0.0002484679862391,0.0002515370142646,3.742630004882813,9.176859855651855,0.1706790030002594,-0.0101669998839497,0.16873599588871,1.2537100315093994,0.8839370012283325,0.000197080997168,0.000280868000118,0.0002727170067373,3.134269952774048,12.143099784851074,0.2952003479003906,0.0067996978759765625,0.03960037231444957,0.10519981384277344,0.013299942016601562,-0.03199958801269531,7.607756945321397,0.023460441326501724,0.0,0.0,0.0,0.0,0.0,0.0,0.0,0.0,0.0,0.0,0.0,0.0,0.0,0.0,0.0,0.0,0.0,0.0,0.0,0.0,0.0,0.0,0.0,0.0,0.0,1.0,0.0
2020tri,33,59108.24,0.8620000000000001,0.49967993963199925,0.4666666666666667,0.0,0.42011890117437506,62.45843808247405,1.7240000000000002,1.5599999999999987,0.9277499999999996,-1.0690612493047702,-0.009218819159500288,0.005544189662205358,13.582086882578315,0.006825204875103873,0.015789586297338353,0.5989174216658639,0.1984551396316079,0.7234105763517535,6.8863636372382135,20.405000000000005,0.4150000000000027,1.144000000000002,0.08299635072492356,0.07693066377354763,0.13333333333333333,0.2,33.16071428571258,4.57292860586643,15.859472049688625,3.032073493700125,3.4739795918365566,1.3751918412773982,2.145693277310814,1.2393722752003935,5.52678571428543,0.4903891989250799,2.838584276757931,0.05859375,0.02734375,1.020370589282643,12.809428404759114,0.46522692317433223,0.581264016728076,0.8428471049588159,20.088125001769416,0.3977955538061791,0.410606353034709,58.82679309682955,0.20344587036113992,-1.1850644073416947,0.4703290832358301,18.2409920029017,0.1582636464499339,0.8522103411147434,0.6295000000000002,0.5893924255695584,0.21052631578947367,0.05263157894736842,0.375624368424701,2.704752555297761,1.2590000000000003,0.8762001190185522,0.4052499999999988,0.940432817196752,-0.006568849216315666,0.005082026276799714,5.358632925226396,0.0010916484805538165,0.011691893446537479,0.34078404544235624,0.06246227377353186,0.42783199385131093,1.5151515151769257,19.99563157894737,0.20599999999999952,0.8910000000000018,0.05817898146234851,0.04397932635740362,0.2631578947368421,0.42105263157894735,23.344666666660892,6.054456147564008,6.86607843137085,1.6563808406872018,0.9606858710560038,1.2232562889455845,1.046846038863717,1.0277616861972005,2.7791269841262967,0.636587867703494,3.108804840777753,0.03515625,0.02734375,0.9185862156397024,5.153749109301593,1.0358932912499126,0.3312674667137177,0.7812648142093183,19.94788171094816,0.21535843839731575,0.38117023919290877,2.578740491612716,0.05230015460398394,-0.23578808409597452,0.2689273458265984,5.808023496284972,-0.33440625369951227,0.8322309876232322,0.2654660046100616,-0.0062795202247798,0.2603650093078613,1.4643900394439695,0.9860039949417114,4.1266699554398656e-05,5.9262500144541264e-05,5.963529838481918e-05,3.660979986190796,8.963979721069336,0.2139759957790374,-0.0125786997377872,0.2057839930057525,1.5006200075149536,0.9509080052375792,9.42207989282906e-05,0.0001327500067418,0.0001376849977532,3.7515599727630615,9.6393404006958,0.1705529987812042,-0.0095447702333331,0.1610849946737289,1.6751699447631836,0.910869002342224,0.0001320960000157,0.0001893269945867,0.0002085890009766,4.187930107116699,7.642819881439209,0.2198179960250854,-0.0090630901977419,0.2129520028829574,1.4970500469207764,0.946628987789154,0.0001836669980548,0.0002484679862391,0.0002515370142646,3.742630004882813,9.176859855651855,0.1706790030002594,-0.0101669998839497,0.16873599588871,1.2537100315093994,0.8839370012283325,0.000197080997168,0.000280868000118,0.0002727170067373,3.134269952774048,12.143099784851074,0.2952003479003906,0.0067996978759765625,0.03960037231444957,0.10519981384277344,0.013299942016601562,-0.03199958801269531,7.607756945321397,0.023460441326501724,0.0,0.0,0.0,0.0,0.0,0.0,0.0,0.0,0.0,0.0,0.0,0.0,0.0,0.0,0.0,0.0,0.0,0.0,0.0,0.0,0.0,0.0,0.0,0.0,0.0,1.0,0.0
2020tri,34,59108.25,0.8620000000000001,0.49967993963199925,0.4666666666666667,0.0,0.42011890117437506,62.45843808247405,1.7240000000000002,1.5599999999999987,0.9277499999999996,-1.0690612493047702,-0.009218819159500288,0.005544189662205358,13.582086882578315,0.006825204875103873,0.015789586297338353,0.5989174216658639,0.1984551396316079,0.7234105763517535,6.8863636372382135,20.405000000000005,0.4150000000000027,1.144000000000002,0.08299635072492356,0.07693066377354763,0.13333333333333333,0.2,33.16071428571258,4.57292860586643,15.859472049688625,3.032073493700125,3.4739795918365566,1.3751918412773982,2.145693277310814,1.2393722752003935,5.52678571428543,0.4903891989250799,2.838584276757931,0.05859375,0.02734375,1.020370589282643,12.809428404759114,0.46522692317433223,0.581264016728076,0.8428471049588159,20.088125001769416,0.3977955538061791,0.410606353034709,58.82679309682955,0.20344587036113992,-1.1850644073416947,0.4703290832358301,18.2409920029017,0.1582636464499339,0.8522103411147434,0.6295000000000002,0.7415633927513062,0.25,0.05,0.3919505623350921,3.976745342902986,1.2590000000000003,1.0630000000000024,0.432500000000001,0.14182476701374735,0.004039280251559575,0.0043776437794699275,5.999185415700582,0.012861214591268677,0.010006407028618788,0.3590335003287743,0.0883797054009826,0.4267594108019645,1.5151515151769257,20.03395,0.21250000000000036,0.8845000000000027,0.06131613939135442,0.053338016508191505,0.25,0.4,30.675598086121393,5.861340173214477,16.871578947366768,2.029977116627478,7.8472460220310545,0.948736939820227,6.366633565044062,0.9328232694530852,3.244534412955147,0.8259105753330394,2.8440435368007058,0.046875,0.02734375,0.864405089045543,5.728248669284148,0.9180297263891115,0.3651417136573576,0.8017593757127467,19.96455642917045,0.2829254854470792,0.39026137201718536,4.046012663805863,0.0663808363944386,-0.5388676642445076,0.29469845863027794,6.630991859444197,-0.3127971685064394,0.8391131932315855,0.2654660046100616,-0.0062795202247798,0.2603650093078613,1.4643900394439695,0.9860039949417114,4.1266699554398656e-05,5.9262500144541264e-05,5.963529838481918e-05,3.660979986190796,8.963979721069336,0.2139759957790374,-0.0125786997377872,0.2057839930057525,1.5006200075149536,0.9509080052375792,9.42207989282906e-05,0.0001327500067418,0.0001376849977532,3.7515599727630615,9.6393404006958,0.1705529987812042,-0.0095447702333331,0.1610849946737289,1.6751699447631836,0.910869002342224,0.0001320960000157,0.0001893269945867,0.0002085890009766,4.187930107116699,7.642819881439209,0.2198179960250854,-0.0090630901977419,0.2129520028829574,1.4970500469207764,0.946628987789154,0.0001836669980548,0.0002484679862391,0.0002515370142646,3.742630004882813,9.176859855651855,0.1706790030002594,-0.0101669998839497,0.16873599588871,1.2537100315093994,0.8839370012283325,0.000197080997168,0.000280868000118,0.0002727170067373,3.134269952774048,12.143099784851074,0.2952003479003906,0.0067996978759765625,0.03960037231444957,0.10519981384277344,0.013299942016601562,-0.03199958801269531,7.607756945321397,0.023460441326501724,0.0,0.0,0.0,0.0,0.0,0.0,0.0,0.0,0.0,0.0,0.0,0.0,0.0,0.0,0.0,0.0,0.0,0.0,0.0,0.0,0.0,0.0,0.0,0.0,0.0,1.0,0.0
